Ticket_ID,Age,Ticket_Price,Movie_Genre,Seat_Type,Number_of_Person,Purchase_Again,Selling date
N4369,55,12.27,Comedy,Standard,7,No,2023-02-20
B8091,35,19.02,Drama,Standard,Alone,Yes,2023-08-03
V6341,55,22.52,Horror,VIP,3,No,2023-05-04
B3243,53,23.01,Drama,Standard,6,Yes,2023-08-22
I3814,30,21.81,Comedy,VIP,4,Yes,2023-10-05
E5655,28,11.58,Horror,VIP,Alone,Yes,2024-01-12
P1526,50,22.91,Action,Standard,Alone,Yes,2023-09-30
V4726,44,23.09,Sci-Fi,Premium,7,Yes,2023-10-14
A2029,46,12.12,Sci-Fi,Standard,Alone,Yes,2023-03-02
P0092,48,19.63,Action,VIP,Alone,Yes,2023-09-24
H4037,51,21.35,Action,Standard,2,Yes,2022-11-20
L2502,56,14.06,Comedy,VIP,Alone,No,2023-06-09
P4991,40,16.75,Horror,VIP,6,No,2023-08-01
L1185,26,23.39,Drama,Premium,Alone,No,2023-10-30
M6402,22,22.29,Sci-Fi,Premium,Alone,Yes,2023-12-26
S3535,42,12.31,Horror,VIP,Alone,No,2023-09-17
C1073,44,17.85,Comedy,Premium,Alone,No,2023-02-23
I7517,35,21.49,Horror,VIP,2,Yes,2022-10-24
Q8198,26,22.32,Comedy,VIP,5,Yes,2023-11-23
E1293,54,15.68,Horror,VIP,Alone,Yes,2024-02-10
F5223,54,16.94,Sci-Fi,Standard,Alone,No,2023-11-26
U1989,39,16.24,Drama,VIP,Alone,No,2023-12-28
Q7218,31,16.38,Action,Standard,Alone,No,2023-10-29
J1556,23,18.21,Horror,Premium,4,No,2024-01-03
V9900,53,12.25,Action,VIP,Alone,No,2023-10-26
S3117,43,11.64,Comedy,Standard,Alone,Yes,2023-11-17
Q8269,21,20.46,Drama,VIP,7,No,2024-01-01
G7166,23,10.71,Comedy,Standard,Alone,No,2023-11-24
Z4432,49,18.57,Drama,VIP,Alone,No,2023-10-17
T5210,37,12.67,Drama,VIP,6,Yes,2023-12-04
P9720,22,11.1,Sci-Fi,Premium,2,No,2023-12-15
E7092,24,19.56,Comedy,Premium,7,No,2024-02-13
U5101,46,20.04,Horror,VIP,Alone,No,2023-04-02
H2053,32,10.09,Sci-Fi,VIP,Alone,No,2023-05-17
R0385,33,10.05,Action,Standard,Alone,No,2024-01-05
T7858,60,20.22,Action,Standard,2,No,2023-07-11
S2012,45,17.09,Action,Standard,Alone,Yes,2023-09-11
A6397,58,15.81,Drama,Premium,5,Yes,2023-12-17
D4217,20,13.39,Sci-Fi,Standard,3,No,2023-05-19
E2087,59,22.17,Comedy,Standard,Alone,No,2024-02-09
I6521,49,18.5,Comedy,VIP,7,No,2023-07-13
K1926,59,21.2,Comedy,VIP,4,Yes,2023-12-04
E4059,49,22.32,Drama,Premium,7,Yes,2023-01-17
P1743,20,17.09,Sci-Fi,VIP,Alone,Yes,2023-08-19
N3988,52,22.39,Comedy,VIP,Alone,No,2024-01-12
H2641,50,10.81,Action,Standard,Alone,Yes,2023-08-07
R6144,29,17.75,Comedy,Standard,3,Yes,2023-09-08
L2802,45,14.98,Comedy,Premium,5,No,2023-09-29
Y3599,34,12.01,Action,Standard,Alone,Yes,2024-01-09
H0893,57,15.86,Horror,VIP,Alone,No,2023-12-12
E5484,27,24.7,Drama,Premium,7,Yes,2023-03-09
A8535,50,14.78,Sci-Fi,Premium,5,No,2023-05-17
A1178,58,23.78,Sci-Fi,VIP,7,No,2023-06-14
J5739,57,13.62,Action,Premium,3,No,2023-11-26
N7141,54,19.01,Horror,VIP,2,Yes,2023-07-29
P3981,25,10.61,Comedy,Premium,Alone,No,2023-08-21
I6591,57,10.41,Drama,VIP,Alone,No,2024-03-23
Y2750,58,11.26,Action,VIP,Alone,Yes,2023-06-11
X4553,52,15.56,Sci-Fi,Premium,5,No,2023-12-09
X9468,44,22.89,Drama,Standard,Alone,Yes,2023-11-10
E2677,44,19.74,Horror,VIP,Alone,Yes,2023-12-23
X8764,39,18.27,Action,Premium,Alone,No,2023-10-02
B2686,22,15.19,Sci-Fi,Standard,3,Yes,2023-04-07
O8372,36,23.99,Sci-Fi,VIP,Alone,No,2023-08-18
K6220,31,17.56,Comedy,Standard,Alone,No,2023-07-14
O6264,60,11.58,Drama,VIP,7,Yes,2023-06-16
A9435,49,17.85,Drama,Premium,Alone,Yes,2024-01-18
N5266,48,14.04,Drama,VIP,6,No,2023-07-28
I5016,54,21.49,Sci-Fi,Standard,7,Yes,2023-11-26
U8801,38,17.67,Horror,VIP,2,No,2023-09-20
T0054,49,22.24,Action,VIP,Alone,No,2023-04-13
F1181,59,11.46,Action,Standard,Alone,Yes,2023-08-02
N2120,25,13.05,Action,VIP,6,No,2023-01-06
S0813,35,14.85,Horror,Standard,Alone,No,2023-04-11
O2106,58,18.95,Drama,VIP,6,No,2023-09-22
D9856,19,17.81,Action,Premium,Alone,No,2023-09-12
M1047,59,10.69,Action,Standard,6,No,2023-10-13
F9240,60,23.15,Action,Premium,6,No,2023-07-13
N9075,27,18.31,Action,Premium,Alone,Yes,2022-07-20
O3044,18,12.04,Action,Standard,6,Yes,2024-01-27
T1301,55,13.71,Comedy,Premium,Alone,No,2023-08-20
E0849,23,15.44,Horror,Standard,Alone,Yes,2023-12-03
F1619,40,13.93,Comedy,Premium,6,Yes,2023-07-04
L7684,46,24.35,Horror,VIP,6,Yes,2023-10-04
N6284,53,16.47,Drama,VIP,Alone,Yes,2023-12-13
V5427,39,23.2,Sci-Fi,VIP,Alone,Yes,2023-05-06
M9668,22,21.73,Sci-Fi,VIP,2,Yes,2023-06-04
D9591,33,10.24,Horror,Standard,Alone,No,2023-10-16
O6443,35,16.33,Horror,Standard,7,Yes,2023-08-20
T2876,60,24.08,Horror,Premium,4,No,2023-09-11
O7406,31,13.91,Comedy,Premium,Alone,Yes,2024-03-16
P2389,26,22.97,Sci-Fi,VIP,5,Yes,2023-12-18
Z3286,38,11.74,Action,Standard,6,No,2023-02-18
G4404,32,10.53,Drama,Standard,5,Yes,2022-09-08
B3750,57,15.21,Action,Standard,Alone,No,2023-11-20
T9837,45,12.86,Sci-Fi,VIP,Alone,Yes,2023-06-16
Y7160,36,18.31,Sci-Fi,Premium,Alone,No,2023-06-16
I1671,22,20.38,Drama,Premium,6,No,2023-10-26
A3867,40,10.69,Drama,VIP,Alone,Yes,2024-02-21
B4428,33,10.77,Drama,VIP,6,Yes,2023-04-30
K7409,40,13.93,Drama,VIP,5,Yes,2023-11-21
E0326,46,13.91,Comedy,VIP,Alone,Yes,2023-07-24
O4468,39,10.45,Drama,VIP,6,Yes,2022-12-15
P4854,41,12.47,Comedy,Premium,7,Yes,2023-08-06
R2740,26,24.51,Action,VIP,Alone,No,2023-10-21
F6176,43,14.92,Action,Premium,2,No,2022-12-30
H0290,40,14.48,Comedy,VIP,Alone,Yes,2022-10-26
B2822,59,10.49,Action,Standard,Alone,No,2023-12-28
F8301,47,21.93,Comedy,Premium,2,No,2023-06-17
M4228,57,12.83,Sci-Fi,Premium,Alone,No,2023-09-02
B8676,43,10.37,Horror,VIP,4,No,2023-07-20
N4818,49,23.83,Drama,VIP,7,No,2023-05-19
E8777,34,16.5,Comedy,Standard,2,No,2023-08-13
Q5846,20,18.39,Comedy,Premium,Alone,Yes,2023-10-31
G7855,28,24.26,Drama,Premium,7,Yes,2022-12-23
H8293,43,20.67,Drama,Premium,6,No,2024-02-04
R8949,26,23.43,Drama,Standard,Alone,Yes,2023-11-29
M9044,40,13.2,Action,VIP,2,No,2022-12-08
F3207,23,22.99,Sci-Fi,Premium,3,Yes,2023-07-03
L4232,39,10.07,Comedy,Standard,7,No,2024-02-20
H4073,29,18.99,Horror,Standard,6,No,2023-12-27
O2241,30,14.04,Comedy,Standard,3,Yes,2023-07-21
B0204,47,13.75,Comedy,VIP,2,Yes,2023-01-26
Z1790,55,14.98,Drama,Premium,2,Yes,2023-12-19
K5294,41,16.75,Drama,VIP,Alone,No,2023-03-31
Q6951,42,22.69,Sci-Fi,Premium,7,Yes,2023-09-23
H1404,56,16.03,Drama,Standard,Alone,Yes,2023-09-14
Y5391,21,13.88,Horror,Premium,6,No,2023-06-22
N0170,56,20.64,Sci-Fi,VIP,Alone,Yes,2023-12-15
L0167,52,18.81,Action,VIP,2,No,2024-01-23
D2128,20,13.82,Drama,Standard,Alone,No,2023-05-09
X8350,46,13.86,Drama,Premium,Alone,No,2023-01-18
F1885,35,20.77,Action,Standard,4,Yes,2023-07-04
O3931,20,17.06,Sci-Fi,Standard,Alone,Yes,2023-08-08
E2469,54,22.02,Horror,Standard,4,No,2023-06-28
G5366,52,11.95,Action,Premium,4,Yes,2024-02-28
X5079,58,21.45,Sci-Fi,Premium,6,Yes,2023-10-11
V9737,21,11.94,Sci-Fi,Standard,Alone,Yes,2023-12-11
P6431,54,22.27,Sci-Fi,Standard,Alone,Yes,2023-04-25
G3133,33,16.85,Horror,Premium,2,No,2023-10-11
F4095,57,21.93,Sci-Fi,Premium,2,No,2023-06-13
Z3930,51,15.46,Drama,Premium,4,No,2023-02-21
J2459,60,13.06,Action,Premium,Alone,Yes,2023-11-07
Q6909,44,11.3,Action,Standard,4,Yes,2023-06-09
G7472,53,19.78,Drama,Standard,3,No,2023-12-03
Y5962,55,23.63,Sci-Fi,Premium,Alone,Yes,2023-05-02
J4979,45,13.91,Horror,Premium,Alone,No,2022-12-15
O7429,43,12.51,Drama,VIP,3,No,2023-08-22
V3234,31,15.97,Horror,Premium,Alone,Yes,2023-10-28
E3715,19,13.28,Action,Standard,5,Yes,2023-12-11
F2003,45,23.95,Action,VIP,Alone,Yes,2023-12-30
H0595,36,19.3,Action,Standard,Alone,No,2023-04-26
D6122,49,20.6,Horror,Standard,Alone,Yes,2023-09-19
A5528,21,11.12,Comedy,Premium,Alone,No,2023-08-08
K1997,23,22.37,Action,Premium,Alone,Yes,2023-08-16
T5714,43,17.49,Action,Standard,Alone,Yes,2023-09-08
R3928,53,20.62,Horror,Premium,2,Yes,2023-06-25
B0786,40,18.8,Horror,Premium,4,Yes,2023-10-28
T0180,34,15.62,Drama,Standard,Alone,No,2023-08-31
G9726,20,13.31,Action,Standard,2,Yes,2023-10-06
H2248,59,10.21,Action,Standard,5,Yes,2023-06-22
D9710,58,20.19,Horror,Premium,Alone,Yes,2023-10-03
X8137,42,14.77,Horror,VIP,6,No,2023-09-14
K0842,54,19.14,Horror,Premium,Alone,No,2024-02-23
G0559,18,11.88,Comedy,Premium,Alone,Yes,2023-10-06
L4461,50,18.27,Action,Premium,5,Yes,2023-09-14
L6043,22,17.66,Drama,VIP,6,Yes,2024-01-15
C6804,27,19.14,Comedy,Premium,Alone,Yes,2022-11-28
J4301,60,15.69,Action,VIP,Alone,No,2024-02-16
X2267,48,15.54,Action,VIP,7,Yes,2023-04-26
K8372,25,23.68,Drama,Premium,3,No,2023-10-16
L5263,20,14.97,Sci-Fi,Standard,2,No,2023-04-05
E2573,45,10.85,Comedy,VIP,6,Yes,2023-11-29
Q4561,47,18.01,Horror,VIP,6,No,2023-09-24
U1241,46,12.24,Horror,Premium,Alone,Yes,2023-08-28
B3035,29,24.12,Drama,Standard,Alone,No,2023-06-10
O2464,51,11.1,Sci-Fi,Standard,5,Yes,2024-01-17
M7187,59,17.76,Action,Premium,Alone,No,2023-12-18
Q2909,56,22.59,Comedy,VIP,7,No,2023-06-24
V1725,51,14.13,Drama,Standard,Alone,No,2024-02-29
O3164,50,11.26,Comedy,VIP,Alone,Yes,2024-02-04
P6483,32,19.86,Horror,VIP,Alone,Yes,2023-06-03
R9368,19,10.67,Drama,VIP,7,No,2023-06-14
Y8059,35,10.41,Comedy,VIP,Alone,Yes,2023-08-23
W3548,40,24.38,Action,VIP,3,Yes,2023-11-01
Y6242,56,21.72,Drama,VIP,7,Yes,2023-09-06
U3526,22,15.21,Drama,Standard,Alone,No,2023-05-15
R4992,45,23.93,Sci-Fi,Standard,3,No,2023-01-02
S3317,34,15.42,Sci-Fi,Premium,3,No,2023-04-28
Q0936,30,15.47,Action,Premium,4,Yes,2023-07-03
V9885,25,14.89,Action,VIP,Alone,No,2023-11-02
Y5020,43,21.19,Action,Premium,Alone,No,2022-10-14
Y3205,35,17.35,Drama,VIP,Alone,No,2023-08-03
M3910,18,14.6,Action,VIP,Alone,No,2023-01-28
Y4885,26,16.49,Comedy,Premium,Alone,No,2023-11-21
U3623,58,23.95,Drama,VIP,Alone,Yes,2023-09-27
M9809,39,14.4,Drama,VIP,2,Yes,2023-11-14
S9804,60,24.08,Comedy,Standard,Alone,No,2023-09-01
H4173,54,14.83,Action,Premium,5,Yes,2024-03-08
Z2710,23,20.57,Action,VIP,6,No,2023-12-28
T8609,40,12.96,Action,Premium,5,Yes,2023-01-26
E6639,51,19.75,Horror,VIP,Alone,No,2023-10-26
H3589,41,22.74,Horror,Standard,Alone,No,2023-04-21
Q9783,52,16.58,Drama,Standard,3,Yes,2024-01-25
F4135,28,10.48,Drama,VIP,Alone,No,2023-03-24
J8589,29,24.21,Comedy,VIP,4,No,2023-03-21
N7617,47,17.49,Action,VIP,Alone,Yes,2023-03-19
Z0746,27,22.72,Drama,VIP,Alone,No,2022-09-26
J6767,60,19.09,Comedy,VIP,Alone,Yes,2023-10-17
T4877,35,20.26,Horror,Standard,7,No,2024-01-03
Y9595,33,17.37,Action,Premium,2,No,2023-08-19
G9552,53,21.16,Drama,Premium,Alone,Yes,2022-06-16
X4744,38,22.71,Comedy,Premium,3,No,2023-10-07
V1732,44,13.95,Action,Standard,Alone,No,2023-06-23
X7881,43,10.38,Drama,VIP,4,Yes,2023-10-26
W8501,42,20.95,Sci-Fi,Standard,4,Yes,2023-06-05
S2200,19,13.76,Action,VIP,3,No,2023-11-10
M9231,37,16.97,Drama,Standard,Alone,Yes,2024-02-05
O6210,32,22.32,Horror,Premium,2,Yes,2023-08-13
P1716,60,10.83,Drama,Standard,Alone,Yes,2023-02-25
A7565,27,13.63,Sci-Fi,VIP,Alone,Yes,2023-11-13
Z7240,44,11.99,Action,Standard,Alone,No,2023-07-28
G7971,42,19.11,Comedy,VIP,2,No,2023-01-20
F0472,43,18.79,Comedy,Standard,Alone,No,2023-09-29
X0583,37,14.32,Sci-Fi,Standard,Alone,Yes,2022-07-18
S7928,20,19.27,Comedy,Premium,Alone,Yes,2023-10-23
H1936,58,20.96,Horror,VIP,4,Yes,2022-12-29
U2595,21,17.18,Sci-Fi,VIP,Alone,No,2023-10-31
T1209,33,21.55,Action,Premium,6,No,2023-11-26
K2212,45,18.95,Comedy,VIP,3,No,2023-11-01
D9095,40,13.46,Drama,Premium,Alone,Yes,2024-01-03
F0351,19,17.53,Horror,Standard,Alone,Yes,2022-11-30
O9124,40,13.98,Comedy,Standard,Alone,No,2023-09-29
Y7920,56,11.02,Action,Standard,Alone,No,2024-02-14
U4514,41,14.63,Sci-Fi,VIP,6,No,2023-11-10
S9882,22,13.33,Horror,VIP,Alone,No,2023-03-06
M4995,30,21.59,Drama,Premium,6,No,2022-12-18
G8758,43,11.85,Horror,Premium,2,No,2023-09-12
C5723,28,12.4,Drama,Premium,6,Yes,2023-10-29
K4923,47,12.39,Sci-Fi,Standard,Alone,Yes,2023-10-26
Y6380,27,16.48,Action,Standard,Alone,No,2023-08-20
Y8012,21,19.43,Action,Premium,Alone,Yes,2023-06-18
L7500,41,16.66,Sci-Fi,Standard,6,No,2023-11-02
I4283,54,20.89,Drama,Standard,3,No,2023-11-08
L1983,24,20.24,Sci-Fi,VIP,5,No,2023-07-30
B7349,40,10.81,Horror,Premium,7,No,2023-09-25
P0451,47,18.13,Horror,Premium,Alone,Yes,2023-10-10
J3938,51,17.26,Comedy,VIP,5,Yes,2024-02-21
Z8035,54,21.41,Horror,Standard,Alone,Yes,2023-09-29
C6483,56,16.33,Drama,VIP,6,Yes,2023-06-07
X0045,22,20.16,Action,VIP,2,No,2023-05-11
S5454,56,23.59,Horror,Standard,Alone,Yes,2023-09-02
V8216,27,14.83,Comedy,Standard,Alone,No,2023-08-17
C4419,48,13.01,Drama,VIP,4,No,2023-09-29
R9005,54,11.23,Action,VIP,6,No,2024-02-19
W3785,40,23.41,Horror,VIP,7,No,2023-11-26
A5307,45,21.46,Comedy,Standard,6,No,2024-02-05
U1538,59,21.94,Horror,Standard,5,Yes,2023-09-27
P9720,43,10.91,Action,Standard,Alone,Yes,2023-12-27
O2737,55,11.97,Comedy,VIP,6,No,2023-12-23
Q9149,60,23.13,Horror,VIP,Alone,Yes,2023-06-21
I2866,49,21.91,Horror,Premium,5,No,2023-02-15
Z0663,51,19.13,Horror,VIP,2,No,2023-11-19
N9718,48,14.02,Horror,VIP,Alone,Yes,2024-02-21
B8006,52,16.35,Comedy,VIP,6,No,2023-04-03
I5327,22,20.66,Sci-Fi,Standard,Alone,Yes,2023-09-13
L5541,45,22.54,Sci-Fi,Standard,5,No,2024-01-12
X2102,41,14.41,Comedy,VIP,Alone,No,2023-10-21
Z4756,21,12.4,Drama,Standard,7,Yes,2023-03-24
U1070,37,18.8,Horror,Premium,Alone,No,2022-08-19
H9188,38,13.73,Sci-Fi,Standard,3,Yes,2023-07-14
D5033,25,10.41,Sci-Fi,Premium,Alone,Yes,2024-01-05
R3941,42,22.41,Action,Premium,6,No,2024-01-17
M2787,43,15.92,Sci-Fi,VIP,3,No,2024-01-25
Z3492,36,23.72,Action,VIP,4,Yes,2023-08-22
D8428,19,12.09,Horror,Premium,Alone,No,2023-08-26
T6734,36,15.17,Drama,VIP,3,Yes,2024-01-09
X5538,21,14.99,Drama,Premium,7,No,2023-01-21
A5566,54,22.72,Comedy,Premium,4,No,2024-03-16
B1663,47,15.16,Drama,Standard,Alone,Yes,2023-05-28
M4304,53,20.01,Sci-Fi,Standard,Alone,Yes,2023-04-22
Z1944,22,21.52,Horror,Standard,5,Yes,2023-08-02
Q1502,22,14.95,Sci-Fi,VIP,5,No,2023-07-06
J8101,52,13.9,Action,VIP,Alone,Yes,2023-08-24
R4219,54,17.6,Comedy,VIP,6,Yes,2023-09-12
R0307,40,10.06,Drama,VIP,2,Yes,2022-12-30
Y0899,59,22.85,Drama,Standard,Alone,Yes,2023-04-09
B3335,31,22.23,Action,VIP,Alone,No,2024-01-20
Y7896,50,10.1,Horror,VIP,Alone,No,2023-02-18
K7716,27,22.68,Horror,VIP,Alone,No,2022-12-09
H7411,39,23.0,Sci-Fi,Standard,Alone,No,2023-06-20
V4466,56,20.16,Sci-Fi,Standard,Alone,No,2023-10-25
I0732,52,14.37,Drama,Premium,Alone,Yes,2023-12-16
K5903,36,18.0,Horror,VIP,4,No,2022-08-10
R9300,34,17.9,Comedy,VIP,3,No,2023-04-24
Y1327,23,19.44,Sci-Fi,Premium,Alone,No,2023-06-29
W2948,34,19.64,Horror,Standard,Alone,No,2023-12-02
M9787,39,24.65,Sci-Fi,Standard,5,No,2023-05-31
G3600,58,11.94,Horror,Premium,3,No,2023-06-23
M3870,18,10.6,Comedy,Standard,Alone,No,2023-04-25
F7288,60,15.39,Drama,VIP,Alone,No,2023-11-25
G9465,40,23.56,Action,VIP,6,No,2023-11-13
U2868,43,18.7,Comedy,Premium,4,No,2024-01-04
T5208,22,23.75,Action,Premium,Alone,No,2024-03-08
W4817,21,14.36,Sci-Fi,Standard,Alone,Yes,2023-08-01
G5771,42,11.49,Drama,Standard,3,No,2023-06-24
E3613,46,11.5,Action,VIP,7,No,2023-07-20
H7914,38,10.68,Action,Premium,Alone,Yes,2023-06-23
R8886,34,22.99,Comedy,Standard,7,No,2023-07-30
A4304,49,13.59,Action,Premium,Alone,Yes,2024-03-24
T4531,23,17.07,Horror,Premium,Alone,No,2023-07-10
X7448,55,24.76,Action,Standard,3,Yes,2023-09-08
Q3075,23,15.8,Sci-Fi,VIP,Alone,No,2023-08-04
E5507,51,23.81,Sci-Fi,VIP,3,No,2023-06-25
A7562,26,24.82,Comedy,Standard,4,No,2023-08-06
U6249,31,10.34,Action,Premium,7,No,2023-01-11
X7898,56,18.98,Horror,VIP,7,No,2023-08-16
M6955,47,16.37,Horror,Premium,Alone,Yes,2023-11-05
S1872,26,24.33,Horror,Standard,Alone,Yes,2023-08-07
R3505,42,23.03,Horror,Standard,3,Yes,2022-09-10
Y2711,29,13.42,Action,Standard,Alone,Yes,2023-09-05
J7159,53,13.06,Comedy,Standard,4,Yes,2024-01-13
M9467,23,10.01,Action,Premium,4,Yes,2023-12-13
N4655,59,19.89,Action,VIP,5,No,2023-08-14
M9022,34,24.17,Action,Premium,6,Yes,2023-10-19
H1997,32,13.14,Comedy,VIP,Alone,No,2023-08-04
R3056,39,19.95,Horror,Standard,Alone,Yes,2023-09-12
V4937,38,22.48,Sci-Fi,VIP,Alone,No,2023-11-01
S7251,42,14.26,Horror,VIP,4,Yes,2023-09-14
R5976,33,19.09,Comedy,Premium,5,Yes,2023-03-30
F1526,33,19.49,Drama,Standard,Alone,Yes,2023-01-18
Z2440,37,22.52,Sci-Fi,Standard,6,Yes,2024-01-03
B4636,45,15.43,Drama,VIP,4,Yes,2023-10-10
W7032,28,14.31,Drama,Standard,7,No,2023-10-18
P8545,47,14.69,Drama,Premium,6,Yes,2023-09-13
E8060,38,12.29,Drama,Premium,5,No,2023-10-08
I5706,58,20.08,Comedy,Premium,Alone,No,2023-12-20
I9952,44,16.54,Action,Premium,3,No,2023-12-22
F4653,51,22.32,Action,VIP,2,No,2023-08-27
M5646,60,10.4,Comedy,Standard,4,No,2023-05-19
P2752,49,12.6,Comedy,Premium,Alone,Yes,2023-04-14
X3029,33,17.05,Comedy,Standard,Alone,Yes,2023-03-08
P0690,25,17.8,Action,VIP,Alone,No,2023-04-14
G4541,53,10.42,Horror,Standard,Alone,No,2023-05-29
R1080,21,20.2,Drama,Standard,7,Yes,2024-02-08
N5074,29,23.93,Sci-Fi,VIP,Alone,Yes,2023-07-16
Q8760,19,17.34,Drama,Premium,3,No,2023-12-20
L2393,23,22.33,Comedy,Premium,Alone,Yes,2023-08-22
S6507,21,19.1,Sci-Fi,Standard,Alone,Yes,2023-08-23
Z9614,47,24.86,Action,Standard,6,No,2023-07-16
U5154,55,22.38,Drama,Standard,Alone,Yes,2024-02-14
C1641,31,19.31,Action,Standard,7,Yes,2024-03-06
B0694,21,15.57,Action,Premium,5,No,2023-03-26
U3427,51,11.93,Horror,Standard,Alone,No,2023-07-21
Y4232,55,14.86,Sci-Fi,Standard,4,No,2023-05-30
L1895,29,13.11,Sci-Fi,Standard,6,No,2023-08-21
C4173,40,17.28,Horror,VIP,Alone,No,2022-11-23
N9701,26,19.34,Action,VIP,Alone,Yes,2023-05-24
D1959,43,18.99,Sci-Fi,VIP,Alone,Yes,2023-12-01
K8305,48,12.08,Comedy,VIP,3,Yes,2023-09-04
D6466,27,21.99,Action,Standard,Alone,No,2024-01-20
T8132,35,10.98,Comedy,Premium,Alone,No,2023-06-17
K2667,24,10.2,Comedy,Standard,4,Yes,2023-08-26
C8150,44,12.16,Comedy,VIP,Alone,Yes,2024-01-09
J1563,55,23.26,Horror,Premium,Alone,Yes,2023-11-11
X7552,52,24.27,Horror,Premium,3,No,2023-01-14
M4546,57,11.68,Drama,Standard,Alone,Yes,2023-12-31
J0855,22,22.22,Drama,Standard,5,No,2024-01-18
G9346,35,14.6,Sci-Fi,Standard,5,No,2023-06-24
Z3248,49,16.1,Drama,Standard,5,Yes,2023-01-26
H4048,51,24.9,Comedy,Premium,4,Yes,2023-06-16
U8238,53,20.95,Horror,Standard,Alone,No,2023-02-24
V3617,25,13.47,Action,Premium,2,No,2023-07-18
L3265,22,15.46,Drama,VIP,Alone,Yes,2023-07-23
O5299,29,17.19,Sci-Fi,Premium,7,Yes,2023-09-29
V7547,57,21.89,Horror,Premium,Alone,Yes,2022-12-08
B5560,21,16.28,Horror,Standard,2,Yes,2023-12-18
B4108,60,17.51,Horror,VIP,Alone,Yes,2023-01-09
K1779,23,14.43,Comedy,Premium,2,Yes,2024-01-28
U0585,35,12.59,Drama,Premium,2,No,2023-11-29
H3200,52,17.31,Action,VIP,Alone,Yes,2023-08-29
Z1729,57,20.34,Horror,VIP,4,Yes,2023-10-07
V0788,54,11.49,Horror,Premium,Alone,Yes,2023-05-02
Z7851,24,10.83,Horror,VIP,6,No,2024-02-21
Q3782,27,11.38,Action,Premium,Alone,Yes,2024-02-15
G4760,47,17.0,Action,Premium,6,No,2023-08-08
X2205,56,19.35,Drama,Standard,6,No,2023-01-22
Z8477,52,15.07,Drama,Premium,2,Yes,2023-12-17
X4895,22,18.86,Sci-Fi,Standard,5,Yes,2023-11-03
Q5203,54,23.7,Horror,Premium,6,No,2024-01-21
K2108,34,23.48,Drama,VIP,7,Yes,2023-06-17
D3548,18,15.35,Horror,Standard,2,No,2023-08-02
O4248,23,23.16,Action,VIP,Alone,No,2023-05-14
P1627,21,20.8,Comedy,Standard,3,Yes,2023-08-13
I0309,27,21.1,Drama,Premium,6,Yes,2023-12-02
L6833,43,21.6,Comedy,Standard,Alone,No,2023-11-21
G9872,23,24.35,Comedy,VIP,Alone,Yes,2023-05-28
X8987,22,21.36,Comedy,VIP,7,No,2023-09-22
T9292,32,24.97,Horror,VIP,Alone,No,2024-01-19
Z8755,49,17.3,Sci-Fi,Premium,Alone,Yes,2022-12-17
K4317,32,21.16,Action,Standard,7,Yes,2024-01-29
G5822,25,10.92,Horror,Standard,Alone,Yes,2023-02-18
A1540,52,14.44,Drama,Standard,4,Yes,2023-07-17
G4364,38,12.12,Comedy,VIP,4,No,2023-10-26
U2950,41,17.52,Sci-Fi,VIP,4,No,2023-06-24
G2005,50,10.04,Action,VIP,Alone,No,2024-03-06
N6776,51,13.63,Drama,Premium,6,No,2023-07-26
G5914,44,22.98,Action,Premium,Alone,No,2024-01-12
U1532,21,18.32,Horror,VIP,Alone,Yes,2023-03-01
M9147,41,20.28,Horror,Standard,Alone,No,2023-02-27
G7315,38,21.31,Action,Premium,2,No,2023-11-12
F5373,50,15.99,Sci-Fi,Premium,Alone,Yes,2023-09-25
E4245,44,18.52,Comedy,Standard,4,No,2023-09-08
T9628,32,10.26,Comedy,Standard,Alone,No,2023-12-01
Q7033,43,21.87,Drama,Premium,Alone,No,2023-07-07
D0342,27,12.12,Sci-Fi,Premium,Alone,No,2023-12-09
C7811,25,12.12,Comedy,Premium,Alone,Yes,2023-08-25
C1040,45,14.4,Horror,Standard,Alone,No,2023-11-20
U6973,27,14.37,Comedy,Standard,3,Yes,2023-12-12
D5713,40,19.04,Drama,Premium,Alone,Yes,2023-12-14
N1065,51,17.67,Horror,Premium,6,No,2023-08-08
Q1140,39,22.14,Action,VIP,Alone,Yes,2023-08-05
H9115,53,14.84,Drama,Premium,6,No,2023-12-02
R5096,26,12.57,Comedy,Premium,4,No,2023-01-10
K4229,57,10.86,Action,Premium,Alone,No,2024-01-17
T2333,33,16.93,Horror,Premium,2,Yes,2023-11-22
B7099,23,20.99,Drama,Premium,Alone,Yes,2023-11-11
W4300,57,14.89,Action,VIP,Alone,Yes,2024-03-01
T7976,36,21.72,Horror,Premium,4,Yes,2023-07-22
Y3795,50,13.83,Action,Premium,4,Yes,2023-11-17
S9225,18,20.74,Sci-Fi,Standard,Alone,Yes,2023-05-11
A2565,30,20.19,Sci-Fi,Premium,Alone,Yes,2023-08-26
N4849,23,14.53,Sci-Fi,Premium,Alone,No,2023-08-15
E0520,21,17.65,Sci-Fi,VIP,5,Yes,2024-01-08
D6523,38,24.27,Horror,VIP,Alone,Yes,2023-06-26
V9448,19,20.35,Sci-Fi,Premium,Alone,Yes,2023-08-17
Y7647,33,14.59,Sci-Fi,Standard,3,No,2024-02-02
Q4486,27,17.76,Comedy,Standard,3,No,2023-05-17
N7144,26,13.46,Drama,Standard,7,Yes,2023-07-13
E2517,35,18.31,Sci-Fi,VIP,6,No,2023-05-02
C7925,58,13.52,Comedy,VIP,3,Yes,2023-07-17
I8324,53,23.5,Action,VIP,Alone,No,2023-02-22
E8470,41,21.57,Drama,Premium,Alone,No,2023-07-22
K6968,36,21.89,Drama,Standard,Alone,No,2023-10-02
W1261,31,23.23,Sci-Fi,Standard,5,No,2023-05-20
J0515,34,19.26,Action,Premium,Alone,Yes,2023-07-03
M9663,32,13.1,Drama,Standard,2,Yes,2023-09-01
H3987,58,13.58,Action,VIP,5,Yes,2022-09-10
U3922,27,16.09,Comedy,Premium,6,No,2024-03-19
R1976,27,15.31,Horror,VIP,Alone,No,2023-09-13
O6512,32,13.1,Sci-Fi,Premium,7,No,2023-08-06
G1300,42,17.28,Horror,Premium,6,Yes,2024-02-02
A8680,35,13.74,Horror,Standard,3,Yes,2022-11-30
I8624,49,15.21,Horror,Premium,Alone,Yes,2024-01-14
L3353,27,11.99,Horror,Standard,4,Yes,2023-09-19
Q3821,58,21.66,Sci-Fi,Standard,Alone,No,2023-09-12
O7821,42,17.22,Horror,VIP,5,No,2023-12-25
O6340,32,11.61,Comedy,Premium,Alone,No,2023-11-02
S9743,18,21.81,Horror,VIP,Alone,No,2022-12-10
S2007,22,24.3,Sci-Fi,Premium,Alone,Yes,2023-03-23
G5084,42,23.0,Action,Standard,Alone,No,2023-08-06
Y8732,32,21.93,Action,Premium,Alone,No,2023-11-03
B5225,41,24.78,Horror,VIP,7,Yes,2023-12-04
M2131,41,16.68,Action,Standard,Alone,Yes,2023-02-19
A6849,28,15.12,Sci-Fi,VIP,3,No,2023-05-12
P1578,26,11.22,Action,Standard,Alone,Yes,2023-02-05
H6205,27,18.77,Horror,VIP,5,Yes,2024-02-21
G9545,60,13.82,Horror,Standard,7,Yes,2024-01-28
Y9176,28,19.28,Drama,Standard,Alone,Yes,2023-11-07
V8990,29,24.75,Comedy,VIP,Alone,No,2023-10-25
Q3755,20,20.16,Action,VIP,Alone,Yes,2023-05-12
G2856,45,22.28,Sci-Fi,Standard,5,No,2023-08-12
F7597,41,10.79,Sci-Fi,VIP,7,No,2023-09-03
K0082,31,23.82,Comedy,Standard,Alone,No,2024-01-25
C0135,20,14.5,Drama,Standard,6,No,2023-05-31
H4754,43,17.08,Drama,Standard,5,Yes,2023-02-12
V6465,21,11.57,Action,VIP,Alone,No,2024-02-18
V5895,30,21.69,Drama,VIP,5,Yes,2023-09-11
C8119,46,19.99,Comedy,Premium,Alone,No,2024-01-30
I6253,53,14.99,Drama,VIP,Alone,No,2023-02-21
M3668,51,14.63,Action,Premium,7,Yes,2023-12-12
P1758,28,24.3,Comedy,VIP,7,No,2023-10-04
X0475,18,11.5,Horror,VIP,2,Yes,2023-06-22
A9027,52,19.11,Comedy,VIP,4,No,2023-05-15
Q9785,44,15.85,Drama,Standard,Alone,Yes,2023-11-16
H3475,34,21.44,Sci-Fi,Premium,3,Yes,2024-01-12
M2148,33,11.14,Drama,Premium,2,No,2023-03-16
E4423,33,10.43,Horror,Standard,Alone,Yes,2023-12-25
P4882,22,14.54,Comedy,Standard,5,Yes,2023-09-08
F8549,30,15.86,Sci-Fi,VIP,Alone,No,2023-11-02
A0701,47,21.43,Comedy,VIP,4,No,2023-11-24
Y0325,21,19.84,Horror,Premium,4,Yes,2023-02-16
I8049,52,16.67,Horror,Standard,4,Yes,2023-12-26
W8712,43,22.55,Comedy,Premium,4,Yes,2024-02-11
A0309,21,24.54,Drama,Standard,5,No,2024-03-12
O1319,45,23.03,Sci-Fi,Premium,Alone,No,2023-11-10
S5625,59,24.79,Drama,Standard,Alone,Yes,2023-02-16
P8221,41,16.08,Action,Premium,2,No,2023-10-01
E6974,59,17.37,Sci-Fi,VIP,6,No,2023-05-31
N6210,33,11.42,Drama,VIP,3,No,2022-12-17
O7808,26,10.03,Sci-Fi,VIP,Alone,Yes,2023-10-20
J6656,54,24.26,Horror,VIP,Alone,Yes,2023-11-17
P6869,28,16.84,Action,Premium,Alone,No,2023-07-28
A8022,44,14.89,Horror,Standard,Alone,No,2023-02-27
C9977,58,24.96,Action,Standard,Alone,Yes,2023-11-03
W0714,43,14.85,Horror,Premium,7,No,2023-03-22
P4039,27,17.27,Drama,Standard,Alone,Yes,2022-10-23
A1254,32,23.14,Comedy,Premium,3,No,2023-06-26
B8586,38,15.92,Action,Standard,Alone,Yes,2023-10-19
U8055,56,15.2,Comedy,Premium,6,Yes,2023-07-21
L0268,57,16.0,Sci-Fi,Standard,5,Yes,2023-07-01
S7944,27,21.17,Action,Standard,Alone,Yes,2023-10-17
P6902,50,13.53,Action,Standard,3,Yes,2023-06-04
W7792,52,15.62,Drama,VIP,Alone,No,2023-09-06
K8175,19,23.87,Horror,Standard,7,Yes,2023-02-14
M6833,50,19.67,Horror,Standard,Alone,No,2023-08-27
U0452,32,13.16,Drama,Standard,Alone,No,2023-09-04
G3963,36,18.67,Comedy,Premium,Alone,Yes,2023-05-11
G5089,53,16.59,Comedy,Standard,Alone,No,2023-10-23
U2874,51,21.05,Comedy,Premium,Alone,Yes,2024-02-09
B4763,39,18.61,Comedy,Standard,Alone,No,2023-07-01
X3386,55,13.54,Comedy,Standard,4,Yes,2024-02-02
M7876,30,16.39,Comedy,Premium,3,Yes,2022-12-10
X5473,48,11.14,Sci-Fi,VIP,6,Yes,2023-08-07
R1798,47,24.93,Sci-Fi,VIP,5,Yes,2023-07-01
A9193,33,17.57,Horror,VIP,2,Yes,2023-12-13
T1022,24,14.5,Action,Premium,Alone,Yes,2023-07-16
L2917,52,17.91,Sci-Fi,VIP,Alone,No,2023-10-27
K3788,42,24.01,Horror,VIP,Alone,Yes,2023-08-10
P6373,52,22.84,Horror,Standard,7,Yes,2023-06-01
C5761,24,18.2,Action,Standard,Alone,Yes,2023-04-30
S8388,36,15.19,Drama,VIP,6,Yes,2023-12-04
S7393,46,15.45,Action,Premium,2,No,2023-12-02
D6725,45,14.17,Sci-Fi,Premium,7,No,2023-10-10
V6047,57,20.5,Action,Standard,Alone,No,2023-11-26
U4238,28,21.67,Action,Premium,7,No,2023-12-27
C9056,27,22.17,Comedy,VIP,Alone,No,2023-01-30
L8764,20,22.32,Comedy,VIP,5,No,2023-11-21
D2585,25,21.96,Drama,VIP,6,Yes,2023-06-27
E6176,21,12.6,Horror,Standard,Alone,Yes,2023-11-01
P9796,32,18.0,Horror,Standard,Alone,No,2023-03-07
K3643,30,18.35,Comedy,VIP,7,Yes,2023-12-06
V3523,45,16.36,Action,Premium,4,No,2023-03-12
O9883,35,11.71,Action,Premium,Alone,No,2022-10-13
N2970,54,17.27,Horror,Premium,4,No,2023-05-31
U4102,19,18.82,Drama,VIP,Alone,Yes,2023-08-16
Y5792,48,14.3,Drama,Standard,Alone,Yes,2023-04-05
R7113,29,15.28,Drama,Premium,4,No,2023-12-29
M9202,33,12.53,Horror,Standard,4,No,2023-03-13
D0431,44,18.79,Comedy,VIP,7,Yes,2024-02-29
V4471,44,16.35,Sci-Fi,VIP,3,Yes,2023-08-22
C8354,46,19.82,Sci-Fi,Premium,6,Yes,2024-01-01
M4257,39,15.54,Action,VIP,5,No,2023-04-20
L0821,50,23.19,Horror,Standard,3,Yes,2024-03-01
T5345,22,17.21,Horror,VIP,6,Yes,2023-06-27
Y0633,27,18.28,Drama,Premium,6,No,2023-11-11
F4455,49,10.42,Comedy,VIP,7,Yes,2023-03-06
G4467,34,14.67,Drama,Standard,Alone,Yes,2023-07-28
U9336,18,12.86,Comedy,VIP,Alone,No,2024-02-22
Y3762,31,10.46,Comedy,Standard,6,Yes,2023-12-03
L2256,24,19.83,Action,Premium,Alone,No,2023-06-30
I0247,38,11.77,Action,VIP,Alone,Yes,2023-09-17
W2915,28,16.49,Drama,Standard,5,Yes,2023-07-02
I4065,51,19.66,Comedy,Premium,Alone,No,2023-06-15
N0035,28,10.62,Drama,Premium,5,Yes,2023-09-03
S6422,24,10.64,Comedy,Standard,5,Yes,2023-09-29
G8325,25,13.72,Comedy,Premium,Alone,Yes,2023-02-19
I1245,20,22.95,Horror,Premium,3,No,2023-05-29
T6074,42,13.78,Horror,Standard,Alone,No,2022-11-21
A2431,27,11.39,Comedy,Standard,Alone,No,2024-01-09
R8918,21,16.79,Comedy,Standard,5,No,2024-02-14
Q1565,35,19.1,Horror,Premium,Alone,No,2023-10-10
X1087,38,11.85,Action,Standard,Alone,No,2023-07-27
X9848,31,21.73,Horror,VIP,Alone,No,2023-11-06
L3648,47,15.59,Action,Premium,5,Yes,2024-03-02
P1932,24,23.84,Drama,Standard,3,Yes,2023-07-02
K9302,26,19.62,Drama,Premium,Alone,No,2023-06-07
W3077,30,12.5,Sci-Fi,VIP,Alone,Yes,2022-12-24
I0125,36,15.99,Comedy,Standard,7,No,2023-12-19
J6626,54,14.64,Comedy,VIP,Alone,Yes,2022-08-02
P5015,57,21.95,Action,Standard,Alone,Yes,2023-08-12
S7385,32,23.25,Action,Premium,Alone,No,2023-08-02
W0263,34,22.98,Comedy,VIP,6,Yes,2023-05-18
V9507,35,10.07,Action,Premium,4,No,2023-01-18
B8133,49,17.0,Sci-Fi,Standard,4,No,2023-07-08
S6701,52,19.6,Sci-Fi,Standard,5,Yes,2023-02-01
Y7433,32,19.19,Drama,VIP,Alone,Yes,2023-08-21
R4683,50,14.45,Drama,Premium,Alone,Yes,2024-02-13
V6833,21,16.08,Horror,VIP,Alone,No,2023-08-29
H3429,40,12.5,Sci-Fi,Premium,7,Yes,2023-09-20
W1110,20,11.14,Drama,Premium,Alone,Yes,2023-10-02
P7270,37,20.66,Horror,Premium,Alone,Yes,2023-10-24
F9649,41,12.33,Action,Standard,3,No,2023-12-16
N4274,51,16.05,Comedy,Standard,4,Yes,2023-09-12
F2620,45,24.54,Comedy,Standard,6,Yes,2024-01-29
G5657,37,21.52,Action,Premium,Alone,Yes,2023-09-07
K8095,36,16.39,Comedy,Standard,4,Yes,2023-08-16
R4386,31,16.48,Horror,Standard,Alone,No,2023-02-03
P2426,23,23.26,Drama,Premium,2,No,2023-09-28
J1499,33,11.8,Drama,Premium,4,Yes,2023-09-04
V3059,55,12.82,Horror,VIP,4,No,2023-07-08
B5952,37,13.85,Comedy,VIP,4,Yes,2023-11-28
V3085,40,12.11,Action,Standard,Alone,Yes,2023-12-19
I0518,53,12.6,Drama,VIP,7,Yes,2023-05-12
G8812,20,12.99,Comedy,Premium,4,No,2023-04-15
M5460,43,14.09,Action,Premium,7,Yes,2023-06-19
I1201,38,20.15,Action,Standard,7,No,2022-11-01
G4176,22,17.75,Action,VIP,5,No,2023-10-19
N2552,33,14.97,Horror,Premium,Alone,Yes,2023-03-21
N5378,58,13.01,Sci-Fi,VIP,Alone,Yes,2023-11-04
I1329,56,13.09,Drama,Standard,4,Yes,2023-06-11
Q1018,49,11.74,Action,Premium,7,Yes,2023-12-16
I1285,35,16.89,Horror,Premium,6,Yes,2023-06-25
Z9207,30,15.49,Drama,VIP,5,Yes,2023-10-12
Y3702,29,20.74,Horror,VIP,Alone,No,2023-04-21
N5089,41,22.05,Horror,Standard,5,No,2023-09-04
B2777,60,16.52,Drama,Standard,3,Yes,2023-07-21
Q3956,24,13.69,Drama,Premium,Alone,Yes,2023-09-27
M2613,42,11.1,Horror,Premium,Alone,No,2022-12-20
M8224,58,21.89,Comedy,Standard,3,No,2024-02-02
G6931,47,11.31,Action,Premium,Alone,No,2023-07-15
X2879,43,17.62,Comedy,Premium,4,No,2023-10-13
L0222,30,23.26,Drama,Premium,Alone,Yes,2023-06-16
J8057,54,15.91,Sci-Fi,Premium,Alone,No,2023-02-18
D9454,31,21.5,Action,Standard,5,Yes,2023-11-02
Y6890,30,17.21,Action,Premium,5,No,2022-12-08
K4381,42,14.22,Sci-Fi,Standard,7,No,2024-02-15
H8074,56,10.86,Horror,Premium,Alone,Yes,2023-07-08
G1928,29,21.27,Horror,Premium,2,No,2023-12-07
P9848,24,13.01,Action,VIP,4,Yes,2023-10-05
R3496,28,14.69,Drama,Standard,Alone,No,2023-10-03
L6719,48,14.12,Horror,Premium,Alone,Yes,2024-02-21
M4803,55,17.73,Comedy,Premium,Alone,Yes,2023-12-09
K3727,33,12.79,Horror,Standard,Alone,Yes,2023-06-01
Z8213,51,12.45,Drama,VIP,4,No,2023-12-09
K9919,55,19.76,Sci-Fi,VIP,Alone,Yes,2023-08-12
X5590,18,15.51,Action,VIP,4,No,2023-12-29
I4060,37,24.07,Drama,Standard,6,No,2023-12-17
Y6457,29,23.92,Sci-Fi,Standard,4,No,2023-01-31
R1338,28,18.11,Drama,VIP,Alone,Yes,2023-12-14
C8928,35,15.4,Action,Premium,7,Yes,2023-09-16
Y4752,32,21.25,Sci-Fi,VIP,4,No,2023-11-09
I8573,27,18.85,Comedy,VIP,6,No,2023-09-10
C1192,23,13.33,Action,VIP,4,No,2023-06-02
M9673,18,10.38,Drama,Standard,7,No,2024-02-07
M1539,18,11.23,Drama,Premium,Alone,No,2024-01-26
N1839,50,13.63,Horror,VIP,Alone,No,2023-03-27
P1884,34,19.28,Action,Standard,2,Yes,2023-04-08
Q4649,24,17.02,Sci-Fi,VIP,Alone,No,2023-10-17
Y6750,52,18.09,Drama,VIP,4,Yes,2023-08-12
O2168,24,11.71,Sci-Fi,VIP,Alone,No,2023-08-04
U8934,50,21.68,Sci-Fi,VIP,2,Yes,2023-09-19
U3817,44,18.45,Comedy,Premium,Alone,Yes,2023-12-17
Z0219,47,10.35,Drama,Standard,Alone,No,2023-10-08
U7953,31,20.66,Comedy,Premium,3,Yes,2023-12-19
P8419,57,24.9,Drama,Standard,2,No,2023-09-18
T3482,22,22.03,Comedy,VIP,Alone,No,2023-11-12
H6371,48,24.02,Comedy,VIP,Alone,No,2023-08-17
P3569,38,10.26,Horror,Standard,Alone,No,2023-12-07
Y4248,20,24.92,Horror,Standard,5,No,2023-01-04
N9830,44,14.9,Horror,Premium,Alone,Yes,2023-04-06
B1744,34,10.71,Comedy,Standard,Alone,No,2022-10-25
O7771,36,11.09,Action,Premium,6,No,2023-03-20
R0885,24,21.61,Action,VIP,7,Yes,2023-07-30
A5251,26,24.99,Sci-Fi,Premium,Alone,No,2023-12-15
Z7628,31,20.97,Horror,Premium,Alone,No,2023-09-05
Q4641,19,10.03,Comedy,Premium,2,No,2023-10-07
O4918,25,18.81,Horror,VIP,4,No,2023-03-09
X9125,28,20.41,Comedy,Premium,Alone,Yes,2023-08-14
B4363,20,19.03,Horror,Premium,2,No,2023-11-14
U9991,46,13.3,Comedy,VIP,Alone,No,2024-01-06
E0138,18,11.96,Sci-Fi,Premium,7,Yes,2023-11-17
P2977,60,19.87,Sci-Fi,VIP,5,No,2023-11-01
C8279,40,24.45,Action,VIP,6,Yes,2023-10-19
H6999,42,13.34,Comedy,VIP,6,Yes,2023-02-25
Y0798,43,23.69,Sci-Fi,Standard,7,No,2023-10-31
V7065,51,21.86,Drama,Premium,Alone,Yes,2023-12-03
E3076,31,21.67,Comedy,Standard,3,No,2023-05-14
Z0104,35,24.65,Drama,Standard,Alone,Yes,2023-04-25
R4883,48,13.49,Drama,Premium,Alone,Yes,2023-08-19
Z8082,23,15.29,Sci-Fi,VIP,6,Yes,2024-01-27
D2037,51,10.86,Comedy,Premium,3,Yes,2024-03-09
Y6288,60,19.93,Action,Premium,5,Yes,2023-08-26
R9227,20,20.02,Horror,Premium,2,Yes,2023-12-21
I6652,28,15.39,Action,Standard,Alone,No,2023-05-19
G3422,55,21.55,Comedy,Standard,Alone,No,2023-06-24
E8769,24,23.26,Drama,Standard,7,Yes,2024-02-05
J4048,32,22.88,Sci-Fi,Standard,5,No,2023-10-08
D1283,36,11.94,Drama,VIP,4,Yes,2023-08-10
T4714,45,15.45,Horror,VIP,6,No,2023-09-28
E0466,20,11.13,Horror,Standard,Alone,No,2023-07-14
Q2283,57,24.13,Action,Premium,5,Yes,2022-12-04
V0461,58,16.75,Action,VIP,5,Yes,2024-01-06
E3795,46,18.49,Drama,VIP,Alone,Yes,2023-04-28
V6571,38,21.52,Sci-Fi,Standard,Alone,No,2023-06-28
O7454,52,16.34,Comedy,Premium,Alone,Yes,2024-01-08
H3432,49,11.54,Horror,VIP,6,Yes,2023-08-28
B8493,54,22.4,Sci-Fi,Premium,Alone,No,2023-06-08
B4025,30,10.03,Action,Standard,7,No,2023-09-09
Q5838,31,22.16,Sci-Fi,Premium,4,No,2024-01-04
H1744,25,23.07,Action,Premium,3,Yes,2024-02-02
I2389,26,23.14,Sci-Fi,Standard,Alone,No,2023-10-26
S0920,22,11.78,Action,Standard,Alone,No,2023-03-13
G6769,34,15.52,Action,Standard,Alone,No,2023-12-25
P3703,22,18.34,Drama,Premium,Alone,No,2023-12-20
S9537,34,10.23,Comedy,Standard,Alone,Yes,2023-01-12
T5353,42,17.78,Drama,Premium,Alone,Yes,2022-10-08
A7782,19,23.18,Drama,Standard,Alone,Yes,2023-11-01
P1899,52,22.0,Sci-Fi,Standard,Alone,No,2023-11-05
K1161,30,21.52,Comedy,VIP,Alone,No,2024-01-27
U0268,26,23.17,Drama,Premium,Alone,No,2022-10-07
W3789,48,20.37,Action,VIP,Alone,No,2023-10-16
I2507,41,23.37,Comedy,VIP,Alone,No,2023-11-21
B4004,55,16.38,Sci-Fi,Standard,3,No,2023-11-16
N2899,42,16.9,Sci-Fi,Standard,Alone,No,2023-10-25
L6276,21,12.81,Sci-Fi,Standard,7,No,2023-12-24
O2405,29,20.26,Sci-Fi,Premium,2,No,2024-01-25
F5465,54,19.41,Sci-Fi,VIP,4,Yes,2023-11-20
S7859,38,13.64,Drama,Premium,Alone,Yes,2023-06-23
N1442,25,12.54,Sci-Fi,Premium,Alone,No,2023-09-30
D3688,49,10.41,Horror,VIP,5,Yes,2024-03-06
K6350,30,22.15,Comedy,VIP,Alone,Yes,2023-09-16
E8457,55,17.88,Drama,Premium,Alone,No,2023-11-21
U2904,56,10.21,Action,Standard,5,Yes,2023-07-09
H0766,18,14.63,Sci-Fi,Premium,Alone,No,2023-12-07
Z2277,48,14.98,Action,Premium,4,No,2023-07-25
Y1044,55,15.49,Sci-Fi,VIP,6,No,2023-06-04
I1692,53,11.21,Horror,VIP,Alone,No,2023-08-15
S3826,50,14.52,Horror,Standard,4,Yes,2024-02-02
P5481,25,10.61,Action,Premium,4,No,2023-08-29
G9153,30,10.27,Comedy,VIP,5,No,2024-01-28
B9078,22,18.01,Sci-Fi,Standard,Alone,No,2023-07-12
K4001,38,14.39,Action,VIP,4,No,2023-12-06
Q2976,32,23.57,Drama,VIP,Alone,No,2023-10-23
L4821,28,14.96,Drama,VIP,6,Yes,2024-02-18
S6575,47,21.95,Action,Standard,3,No,2023-05-08
C2285,21,23.4,Comedy,Standard,Alone,Yes,2023-07-07
K7735,52,21.43,Horror,Premium,Alone,No,2023-07-01
G3626,46,16.14,Horror,Premium,7,No,2023-02-05
B9198,26,12.8,Drama,Standard,Alone,Yes,2024-02-09
F7537,20,19.47,Sci-Fi,Premium,3,Yes,2023-08-19
M2223,50,13.49,Comedy,Standard,6,Yes,2023-11-02
K8826,39,15.75,Sci-Fi,VIP,Alone,No,2023-07-30
B1192,52,22.45,Drama,VIP,Alone,No,2023-01-04
N6061,24,16.15,Action,Premium,5,Yes,2023-12-13
J3637,29,21.42,Sci-Fi,VIP,Alone,No,2023-02-27
L0905,31,17.7,Horror,Premium,Alone,Yes,2023-09-22
Q1064,18,19.33,Horror,VIP,4,Yes,2023-05-23
T6565,20,17.66,Comedy,Standard,Alone,No,2023-04-01
T3563,37,16.75,Horror,VIP,Alone,Yes,2023-06-24
Y8937,33,22.07,Drama,Standard,6,No,2023-05-26
D4512,20,14.37,Action,Standard,7,Yes,2023-10-10
I0300,53,15.82,Comedy,VIP,Alone,No,2023-11-05
B8840,52,16.14,Drama,Standard,Alone,Yes,2023-06-24
M3087,58,22.11,Comedy,VIP,4,No,2023-07-16
K6175,42,11.81,Comedy,Standard,Alone,Yes,2023-07-02
I2406,52,21.83,Sci-Fi,Premium,3,Yes,2022-09-06
U6984,24,13.68,Action,Premium,Alone,No,2023-01-21
J9064,20,17.29,Horror,VIP,Alone,No,2023-11-02
M5068,33,10.17,Sci-Fi,Premium,4,No,2023-06-13
W3776,54,21.26,Drama,Standard,3,No,2023-07-13
O7505,31,14.19,Drama,Premium,Alone,No,2023-10-23
S0443,38,14.68,Sci-Fi,Standard,7,No,2023-09-16
X3353,28,18.37,Sci-Fi,VIP,7,No,2023-01-09
L8241,55,16.98,Horror,Premium,4,Yes,2023-06-03
B0684,46,12.16,Horror,Standard,5,Yes,2024-01-31
C3968,41,18.43,Sci-Fi,Premium,2,No,2023-10-19
V6951,36,22.63,Comedy,VIP,7,Yes,2023-01-29
A4622,35,22.33,Drama,Premium,4,Yes,2023-08-22
M9282,49,15.92,Drama,Standard,7,Yes,2024-01-28
F2596,25,14.2,Action,VIP,5,Yes,2023-08-30
B6368,57,12.49,Horror,Premium,3,No,2024-03-19
G8621,42,20.21,Drama,Standard,Alone,No,2023-02-05
Z8270,55,20.34,Horror,VIP,Alone,Yes,2023-04-04
F1834,40,23.34,Action,Premium,5,No,2023-10-14
D5786,55,23.03,Action,VIP,7,Yes,2023-06-12
U3904,56,20.53,Horror,Premium,7,Yes,2023-09-11
W7445,19,23.77,Comedy,Premium,Alone,No,2023-10-08
L4400,57,16.33,Drama,VIP,Alone,Yes,2024-02-10
V8116,53,14.76,Horror,Premium,3,Yes,2023-06-28
J4658,52,14.05,Comedy,Standard,3,No,2023-08-28
W4387,54,15.18,Comedy,Premium,Alone,No,2023-09-09
U8752,57,14.92,Horror,VIP,3,No,2024-01-05
Y2620,59,23.03,Comedy,VIP,3,No,2023-09-23
M3362,51,24.19,Action,Standard,Alone,Yes,2023-07-13
T2430,20,20.15,Sci-Fi,VIP,Alone,Yes,2022-10-27
E8799,26,10.11,Action,VIP,7,No,2023-01-17
X4543,43,16.05,Action,Premium,Alone,No,2023-11-27
Q5817,54,16.4,Drama,Premium,3,Yes,2023-07-10
X0949,41,11.79,Comedy,VIP,Alone,Yes,2023-12-15
S0878,49,13.8,Drama,Premium,Alone,No,2023-11-04
A0388,43,20.17,Horror,Standard,Alone,Yes,2023-11-23
L5567,36,16.11,Comedy,Standard,2,Yes,2023-08-23
C9920,26,16.24,Comedy,Standard,6,Yes,2024-02-21
D9547,48,13.81,Action,Premium,4,No,2023-11-03
P0306,31,17.46,Sci-Fi,Premium,Alone,Yes,2023-07-21
C3874,20,12.01,Action,Premium,Alone,Yes,2023-11-08
T1098,24,24.43,Drama,VIP,7,Yes,2024-01-14
Z5047,25,23.2,Horror,VIP,5,No,2024-02-15
B0660,30,21.26,Comedy,VIP,Alone,No,2022-11-29
W6958,52,24.3,Drama,VIP,Alone,Yes,2022-10-14
Q8351,26,21.15,Drama,Premium,Alone,No,2023-12-29
P0379,33,19.94,Comedy,VIP,3,No,2023-05-24
B1030,56,22.49,Horror,Standard,3,No,2023-10-01
E8595,58,19.08,Comedy,Premium,Alone,No,2023-09-09
X8408,41,19.68,Comedy,VIP,Alone,No,2022-09-21
L3487,44,10.65,Action,VIP,5,Yes,2023-07-21
L0206,24,21.78,Drama,Premium,3,Yes,2023-09-03
I2310,41,17.32,Comedy,Premium,3,Yes,2023-10-04
F5776,33,15.88,Drama,Premium,Alone,No,2024-03-24
T9882,18,20.05,Horror,Standard,6,No,2024-01-10
O6286,29,14.4,Drama,Standard,Alone,No,2023-07-15
I7347,22,21.53,Drama,Standard,Alone,No,2024-01-02
M3443,27,21.42,Sci-Fi,VIP,Alone,Yes,2023-09-25
O5296,47,21.68,Sci-Fi,Standard,Alone,Yes,2023-09-13
D3902,30,23.22,Sci-Fi,Standard,Alone,Yes,2023-06-26
U9995,26,10.14,Comedy,Standard,4,No,2023-02-28
N5512,36,12.07,Action,Premium,4,No,2023-10-05
B4448,41,18.49,Action,VIP,7,No,2022-12-14
M9760,46,14.97,Horror,Standard,Alone,No,2023-09-28
Z6618,57,15.39,Drama,Standard,Alone,Yes,2023-05-15
C9548,44,24.48,Horror,VIP,Alone,No,2023-05-16
S1808,21,13.64,Sci-Fi,Premium,Alone,Yes,2023-08-20
G5055,60,10.33,Horror,Premium,Alone,Yes,2023-09-30
W9028,35,11.37,Sci-Fi,Standard,3,Yes,2023-10-05
J4976,32,23.62,Sci-Fi,VIP,4,Yes,2023-11-21
E4812,44,23.79,Drama,VIP,2,Yes,2023-06-12
A4844,48,10.1,Horror,Standard,Alone,No,2023-10-04
J1949,31,18.82,Sci-Fi,VIP,6,No,2023-12-27
T6189,29,21.83,Drama,Standard,5,Yes,2023-05-10
C5599,51,12.22,Drama,Standard,Alone,No,2023-08-04
C7647,38,21.27,Comedy,Standard,3,Yes,2023-10-11
Y7282,27,23.31,Horror,VIP,Alone,Yes,2023-06-30
P6993,37,15.67,Drama,Premium,Alone,Yes,2023-09-16
F1093,38,15.6,Drama,Standard,Alone,Yes,2023-07-14
B8523,25,14.7,Comedy,Standard,7,Yes,2023-10-21
G2170,32,11.74,Sci-Fi,Premium,Alone,No,2023-12-17
H1831,48,21.06,Comedy,VIP,6,No,2023-09-08
W2821,36,11.54,Comedy,VIP,6,No,2023-10-17
H8426,42,24.74,Drama,Premium,7,No,2024-03-15
M7144,50,14.78,Drama,VIP,4,No,2023-07-02
D0530,53,10.17,Sci-Fi,Standard,6,No,2023-06-02
S2049,48,22.43,Comedy,Premium,6,No,2023-02-02
J4439,24,18.72,Action,VIP,6,Yes,2023-04-03
U3687,42,16.88,Comedy,Premium,6,Yes,2023-02-26
S5808,19,20.73,Action,Premium,Alone,No,2023-08-15
S9738,38,16.99,Sci-Fi,VIP,Alone,Yes,2022-09-30
F0463,43,13.09,Action,VIP,6,Yes,2022-10-20
W2590,20,18.01,Horror,Premium,Alone,Yes,2023-09-03
Z8084,39,20.49,Sci-Fi,Premium,4,No,2023-12-29
E6569,32,24.91,Action,Premium,Alone,No,2023-09-27
E9851,23,21.16,Horror,Standard,Alone,Yes,2023-10-24
I3546,33,24.05,Action,Standard,4,Yes,2023-10-31
Y0761,47,18.52,Comedy,Standard,6,No,2023-11-17
K1022,31,10.5,Action,Premium,Alone,Yes,2023-10-29
X0028,40,16.54,Sci-Fi,Premium,Alone,No,2023-10-22
G5344,49,23.04,Horror,VIP,7,No,2023-07-27
R5874,42,19.82,Sci-Fi,VIP,7,No,2023-09-21
I9463,29,24.77,Action,Standard,7,Yes,2023-12-01
E5861,23,15.16,Sci-Fi,Premium,3,Yes,2023-05-02
Z8170,27,24.04,Action,Premium,2,No,2024-01-17
Q2062,18,15.89,Comedy,VIP,6,No,2023-11-09
Z4956,44,15.45,Horror,Premium,2,No,2023-12-04
Y8579,38,15.42,Comedy,Premium,Alone,No,2023-09-14
U3440,39,11.63,Comedy,Standard,7,No,2023-05-07
E4018,22,24.8,Drama,Standard,Alone,Yes,2023-11-04
C1249,19,19.4,Action,VIP,3,No,2023-12-31
Q5260,26,18.63,Sci-Fi,VIP,7,No,2023-11-07
U0284,59,21.39,Action,Premium,5,Yes,2023-03-10
R4146,59,13.77,Sci-Fi,Standard,Alone,Yes,2023-12-07
M4894,23,18.05,Sci-Fi,VIP,6,Yes,2023-12-17
J5824,46,23.81,Action,Standard,Alone,Yes,2023-08-19
T1793,22,24.82,Drama,Standard,Alone,Yes,2024-01-21
E4844,60,20.17,Comedy,Standard,Alone,No,2023-02-10
A9751,31,10.89,Comedy,Premium,Alone,No,2023-08-04
C0817,28,13.24,Sci-Fi,VIP,Alone,No,2024-02-17
G0405,30,13.38,Sci-Fi,Standard,2,Yes,2023-10-08
O7387,59,22.19,Horror,Standard,6,No,2024-01-10
T1735,43,15.44,Sci-Fi,Standard,3,No,2023-02-24
E2026,48,23.67,Horror,Premium,6,Yes,2023-10-22
S2667,46,22.81,Sci-Fi,Premium,Alone,Yes,2022-07-31
L8908,20,20.94,Horror,Premium,Alone,No,2023-01-21
I6271,37,12.31,Action,Premium,Alone,Yes,2023-11-12
D5815,50,23.98,Comedy,VIP,Alone,No,2023-04-28
M8884,46,20.13,Comedy,Standard,Alone,Yes,2023-03-25
H4556,45,10.18,Sci-Fi,Standard,7,No,2023-04-28
U9616,29,12.8,Horror,VIP,Alone,Yes,2023-02-06
B1445,56,18.18,Sci-Fi,VIP,Alone,No,2023-04-13
O8966,58,20.57,Comedy,Standard,3,Yes,2023-10-03
E8011,53,22.93,Sci-Fi,Standard,6,Yes,2024-01-05
V0442,24,17.99,Drama,Standard,2,No,2023-09-10
A3459,34,13.43,Sci-Fi,Premium,Alone,Yes,2023-05-27
U5170,19,19.81,Comedy,VIP,7,No,2023-04-01
D1265,33,16.22,Horror,Standard,6,No,2023-05-10
F2770,22,12.23,Action,VIP,Alone,No,2023-09-29
A3164,20,23.62,Sci-Fi,Standard,3,Yes,2023-09-23
U9486,48,10.23,Sci-Fi,VIP,Alone,No,2023-07-30
F0123,43,15.17,Sci-Fi,Standard,3,Yes,2023-01-01
N3258,21,12.84,Action,Premium,6,No,2023-06-27
N3378,42,18.03,Drama,Premium,2,No,2023-02-16
F3922,48,11.6,Horror,VIP,5,Yes,2024-01-19
X8730,56,18.66,Sci-Fi,VIP,3,No,2023-05-03
E2255,39,22.98,Drama,Premium,7,Yes,2023-04-04
U4454,23,11.75,Drama,VIP,Alone,Yes,2023-09-22
H9020,60,19.91,Horror,VIP,5,No,2023-10-21
G4508,34,19.9,Comedy,Premium,Alone,Yes,2023-06-03
W3495,40,10.92,Comedy,Standard,6,Yes,2023-10-22
S3916,35,22.02,Horror,Premium,Alone,No,2023-09-19
F7268,24,14.43,Sci-Fi,VIP,2,Yes,2023-05-20
P0917,19,20.79,Comedy,Standard,4,Yes,2023-09-20
H0854,54,23.89,Action,Premium,Alone,Yes,2023-07-08
E7698,41,18.65,Action,VIP,3,Yes,2023-07-05
S5893,47,18.5,Sci-Fi,VIP,Alone,No,2024-01-02
F4124,36,21.54,Action,VIP,Alone,Yes,2023-05-30
Y1864,51,24.45,Comedy,Standard,Alone,No,2023-12-07
G3831,32,18.98,Comedy,VIP,Alone,No,2023-03-17
I2649,39,12.88,Horror,VIP,3,Yes,2023-07-20
E0849,24,13.65,Comedy,Standard,6,No,2022-10-04
H3119,58,23.29,Horror,VIP,Alone,No,2023-02-20
M9916,53,13.09,Horror,VIP,2,Yes,2023-08-04
Q3717,41,16.33,Horror,VIP,5,Yes,2023-05-23
Y7042,56,10.99,Comedy,Standard,Alone,Yes,2022-10-11
Z6364,36,11.02,Horror,Standard,4,Yes,2023-10-29
P1867,51,20.95,Horror,Standard,5,No,2023-06-01
O2404,58,22.83,Action,Premium,Alone,Yes,2022-10-13
P7848,28,17.13,Drama,Premium,Alone,Yes,2023-09-03
Q0412,52,14.2,Comedy,Standard,Alone,No,2022-12-15
I8223,45,13.52,Drama,VIP,2,No,2023-08-02
I6287,31,12.79,Horror,Standard,Alone,Yes,2023-05-27
B8644,48,12.2,Drama,Premium,7,Yes,2023-07-29
O9543,53,14.6,Sci-Fi,Standard,3,No,2023-05-07
R6020,45,13.58,Comedy,Premium,3,No,2023-11-27
U6522,45,14.16,Drama,VIP,7,No,2024-01-21
H5569,42,24.61,Horror,VIP,6,No,2023-01-21
L6403,35,22.26,Horror,VIP,5,Yes,2023-08-30
F2516,55,13.39,Drama,Premium,Alone,No,2023-12-13
L8979,21,19.62,Action,VIP,Alone,Yes,2023-08-16
C5141,42,24.32,Horror,Standard,Alone,Yes,2023-07-06
N6099,30,20.13,Comedy,VIP,5,Yes,2024-01-04
U2005,43,20.11,Horror,Premium,Alone,Yes,2023-02-27
J6862,37,24.17,Action,VIP,Alone,No,2023-12-27
H7385,40,18.4,Comedy,Premium,Alone,No,2023-09-18
M6720,60,16.83,Drama,Standard,4,Yes,2023-12-27
J1703,35,23.43,Action,VIP,Alone,No,2023-05-02
L7656,41,22.2,Sci-Fi,Premium,3,No,2023-04-01
H8272,38,24.63,Horror,Premium,6,No,2023-10-30
T3421,46,19.75,Comedy,Premium,7,Yes,2023-03-01
E6095,47,24.16,Drama,Premium,Alone,No,2023-06-16
P1057,60,12.52,Horror,VIP,Alone,Yes,2023-12-23
T7208,21,11.73,Action,Premium,6,No,2024-02-20
S4408,34,23.6,Drama,Premium,6,No,2023-09-20
V8858,26,10.51,Comedy,Standard,Alone,Yes,2023-11-06
G1349,33,12.71,Horror,Premium,Alone,Yes,2023-09-16
L3183,36,24.9,Drama,VIP,Alone,Yes,2023-11-10
O0705,41,24.44,Drama,VIP,Alone,No,2023-03-06
O6315,29,23.39,Drama,Standard,4,No,2023-09-20
Y4099,52,20.48,Action,Premium,Alone,No,2023-08-10
Q8927,48,17.71,Drama,Premium,2,No,2023-06-11
W1085,41,20.8,Comedy,Standard,6,No,2023-07-07
X7294,37,10.38,Sci-Fi,VIP,5,Yes,2023-10-29
N0333,60,17.53,Sci-Fi,VIP,Alone,No,2023-11-08
R8256,25,24.42,Action,VIP,Alone,No,2024-02-02
G9983,38,12.81,Action,Standard,6,No,2023-05-14
G3617,36,22.2,Sci-Fi,Premium,Alone,No,2023-12-19
M1624,40,19.75,Sci-Fi,Premium,7,Yes,2023-09-21
W0863,30,10.63,Horror,Premium,6,No,2023-02-25
S4073,54,11.77,Comedy,Standard,4,No,2023-03-12
O8419,46,16.96,Comedy,Premium,2,Yes,2023-07-22
P9246,34,24.65,Action,VIP,Alone,Yes,2023-05-23
K9692,46,24.87,Sci-Fi,Premium,Alone,Yes,2023-05-29
M7393,25,14.44,Sci-Fi,Standard,5,Yes,2023-04-30
J3810,29,18.41,Horror,Premium,3,Yes,2023-03-11
O7835,42,24.47,Drama,Premium,Alone,No,2023-09-26
G8002,59,20.12,Horror,Premium,Alone,No,2023-02-14
C7519,57,22.07,Drama,Standard,Alone,Yes,2023-11-09
W0782,38,23.01,Drama,Premium,Alone,Yes,2023-06-08
I6505,18,17.08,Sci-Fi,VIP,Alone,Yes,2023-08-26
U3419,36,24.12,Action,Standard,Alone,Yes,2023-05-02
S8354,42,24.51,Action,Standard,5,No,2023-02-15
W1190,49,23.81,Horror,VIP,7,Yes,2023-11-13
R3498,54,16.61,Sci-Fi,Standard,3,No,2024-01-20
F6097,18,18.86,Horror,Premium,3,Yes,2023-08-04
H2276,23,11.21,Comedy,Premium,Alone,No,2022-12-03
D3993,33,21.54,Action,Standard,Alone,No,2024-01-02
V0936,21,19.94,Sci-Fi,Premium,Alone,No,2023-08-21
S2077,30,15.04,Sci-Fi,Standard,4,No,2023-10-31
X6087,26,18.44,Comedy,VIP,Alone,No,2023-08-02
K0251,40,14.08,Drama,VIP,5,No,2023-10-10
F3865,19,12.48,Action,Premium,5,Yes,2022-12-22
U5529,58,22.32,Comedy,Premium,3,Yes,2023-10-16
N6649,19,13.64,Horror,VIP,Alone,Yes,2023-08-02
Y7689,36,20.19,Comedy,Premium,2,Yes,2023-09-21
J0449,32,17.33,Sci-Fi,Premium,Alone,No,2023-09-05
O2503,26,24.19,Comedy,Standard,Alone,Yes,2023-11-19
B8877,52,21.5,Horror,Standard,7,Yes,2023-05-21
Z2085,58,23.76,Comedy,Premium,6,No,2023-10-20
T8611,56,15.76,Action,Standard,Alone,Yes,2023-07-05
Z4654,55,14.37,Action,Premium,Alone,No,2023-08-29
I1871,52,11.91,Sci-Fi,VIP,Alone,No,2024-03-24
Z2623,34,14.23,Sci-Fi,VIP,Alone,Yes,2023-04-26
J3585,44,19.83,Horror,VIP,6,Yes,2023-07-20
X7172,26,19.87,Sci-Fi,Standard,5,No,2024-03-06
T8659,38,11.95,Action,Standard,3,No,2023-07-31
E9959,34,13.82,Action,Premium,4,No,2024-01-26
O5505,46,18.45,Drama,Standard,5,Yes,2023-09-18
L5134,26,21.27,Sci-Fi,VIP,Alone,No,2023-09-19
L0572,55,22.77,Action,Standard,6,No,2023-06-17
R5366,28,20.37,Action,Premium,Alone,No,2023-10-13
V9452,53,12.19,Drama,Standard,Alone,Yes,2023-12-04
V6506,31,22.76,Action,Standard,2,Yes,2023-10-01
Z0037,21,15.24,Sci-Fi,VIP,4,No,2022-12-06
T0216,20,11.61,Action,VIP,7,Yes,2023-07-28
D4263,56,22.18,Action,Premium,Alone,No,2023-10-09
Z1477,52,18.13,Drama,Standard,Alone,No,2022-12-08
H5571,30,18.64,Horror,Standard,7,Yes,2023-11-16
A6968,49,14.09,Comedy,Standard,6,Yes,2023-10-14
A8189,27,18.47,Comedy,VIP,6,Yes,2024-01-11
S5270,27,22.71,Action,VIP,Alone,No,2023-01-12
I8470,25,16.84,Sci-Fi,VIP,Alone,No,2024-02-26
F8933,56,23.11,Horror,Premium,Alone,Yes,2024-01-16
X2134,38,15.42,Sci-Fi,Standard,Alone,Yes,2023-03-02
Z4627,47,24.08,Comedy,Premium,6,No,2023-04-11
H9718,59,20.67,Sci-Fi,Standard,2,No,2023-10-04
B6296,18,24.97,Horror,Standard,Alone,Yes,2023-11-07
K4864,20,24.05,Drama,Premium,2,No,2023-10-06
Z1517,33,18.2,Action,VIP,Alone,No,2023-03-18
N2364,23,20.94,Drama,VIP,6,No,2023-10-01
P1972,28,13.99,Horror,VIP,6,Yes,2023-09-14
Z1180,34,11.22,Action,VIP,Alone,Yes,2023-03-24
A9621,44,19.1,Comedy,Standard,Alone,No,2024-01-16
O4860,30,23.23,Action,VIP,Alone,Yes,2023-12-10
M9619,27,22.6,Horror,Premium,6,No,2022-07-08
R0226,53,10.48,Action,Standard,Alone,Yes,2023-06-27
Z2342,25,17.03,Action,Standard,Alone,No,2022-07-17
Y3751,48,19.44,Action,Standard,5,Yes,2023-08-06
Y9313,52,13.6,Sci-Fi,Premium,5,Yes,2023-09-02
J6015,55,11.14,Action,VIP,Alone,Yes,2023-03-11
G9843,19,13.82,Drama,VIP,2,Yes,2023-12-29
M1901,42,23.22,Drama,VIP,Alone,No,2023-06-12
P4219,24,13.15,Drama,VIP,2,Yes,2023-08-22
P6917,42,10.12,Comedy,VIP,6,No,2023-12-28
O7834,32,20.84,Horror,Premium,2,No,2023-11-09
B3397,20,17.16,Horror,Premium,Alone,No,2024-01-18
O6096,41,17.78,Action,Standard,Alone,Yes,2023-04-02
T0002,27,13.6,Comedy,VIP,5,Yes,2023-07-08
P6849,44,22.0,Comedy,Premium,7,No,2023-07-25
C9487,37,18.64,Drama,Standard,4,No,2023-12-28
J2965,60,19.66,Horror,Standard,Alone,Yes,2023-09-24
M8590,29,11.34,Sci-Fi,Standard,2,Yes,2023-12-22
Q1525,57,22.52,Sci-Fi,Standard,4,Yes,2023-07-02
H4515,37,12.87,Action,VIP,Alone,Yes,2022-11-07
M4762,37,16.45,Drama,VIP,Alone,No,2023-07-10
K5848,41,22.33,Action,VIP,Alone,No,2023-06-16
U2351,25,16.18,Comedy,Premium,3,No,2023-05-07
Q7732,58,24.17,Horror,Standard,Alone,No,2023-03-15
H8110,21,15.71,Sci-Fi,VIP,Alone,No,2023-09-22
L8089,59,11.33,Drama,VIP,6,Yes,2023-08-04
U8857,40,13.72,Sci-Fi,Premium,Alone,Yes,2023-03-01
W5960,52,19.13,Drama,Standard,3,Yes,2023-01-25
H7279,43,21.81,Drama,VIP,Alone,Yes,2023-09-01
Y7094,20,23.02,Sci-Fi,VIP,Alone,No,2023-06-19
Z1901,56,16.41,Action,VIP,3,No,2023-09-14
C3171,47,24.21,Sci-Fi,VIP,Alone,No,2023-03-19
M8243,37,10.04,Action,Standard,Alone,No,2023-05-25
E0024,47,17.69,Comedy,Premium,Alone,No,2023-11-01
W2969,55,11.76,Drama,Standard,Alone,Yes,2023-12-21
V6193,20,17.35,Action,VIP,Alone,Yes,2023-09-08
O8682,38,24.76,Drama,VIP,Alone,No,2023-05-09
U9667,49,18.26,Drama,Standard,Alone,Yes,2023-06-24
O4424,29,11.22,Horror,VIP,4,Yes,2022-12-28
H2558,35,14.31,Horror,VIP,Alone,No,2023-10-19
R7206,50,23.17,Sci-Fi,VIP,Alone,Yes,2023-01-26
U8822,29,13.17,Drama,VIP,4,No,2022-11-18
B3577,40,20.41,Sci-Fi,Premium,6,No,2023-08-20
N1330,24,21.07,Action,Standard,Alone,No,2023-09-15
D0301,37,16.66,Sci-Fi,VIP,7,No,2023-05-08
G4519,51,16.98,Comedy,Premium,3,No,2024-01-12
X4893,40,16.2,Sci-Fi,Standard,Alone,No,2023-10-22
X7335,44,23.06,Comedy,Premium,7,No,2023-04-13
C6210,27,20.75,Comedy,VIP,Alone,No,2024-01-23
R4165,37,11.75,Horror,VIP,4,No,2023-12-21
L9634,22,11.39,Comedy,VIP,Alone,Yes,2023-12-19
W8659,39,22.42,Comedy,Premium,Alone,Yes,2023-08-27
K8116,51,14.43,Drama,Premium,3,No,2023-10-29
T8064,24,18.22,Comedy,Standard,Alone,Yes,2023-12-15
T2129,31,11.04,Drama,VIP,7,Yes,2023-02-06
A4723,44,13.62,Horror,Premium,6,Yes,2023-06-07
G2177,44,20.73,Action,VIP,Alone,Yes,2023-12-14
H9793,56,10.15,Sci-Fi,VIP,5,No,2024-02-01
L4163,38,21.7,Comedy,VIP,2,Yes,2023-12-13
T2013,34,15.14,Horror,VIP,6,No,2023-06-07
A7217,46,24.98,Horror,VIP,Alone,No,2023-09-12
B9303,46,11.71,Drama,VIP,2,Yes,2023-02-19
V6391,53,20.47,Horror,Premium,6,Yes,2024-02-06
D6962,42,23.83,Action,Premium,Alone,Yes,2023-09-02
G2229,18,19.47,Drama,Premium,Alone,No,2023-11-19
T0480,51,17.2,Action,VIP,Alone,Yes,2023-12-24
M1015,21,13.69,Action,Premium,6,No,2023-06-05
D5863,21,20.48,Sci-Fi,VIP,5,No,2023-03-25
V2226,40,15.56,Horror,Standard,Alone,No,2023-05-07
S6536,35,10.57,Sci-Fi,Premium,Alone,Yes,2023-04-26
Y9868,43,21.99,Drama,Standard,6,Yes,2023-08-03
E9522,23,19.46,Sci-Fi,Standard,Alone,Yes,2024-01-24
D8335,37,11.11,Action,VIP,Alone,Yes,2023-09-22
Y6028,58,14.83,Action,VIP,Alone,Yes,2022-12-17
W3416,58,22.23,Horror,VIP,7,Yes,2023-09-08
R3938,41,10.47,Horror,VIP,Alone,Yes,2023-02-09
Z7405,39,20.16,Comedy,Standard,2,Yes,2023-11-04
D3652,57,10.57,Sci-Fi,Standard,Alone,Yes,2023-09-29
R4795,38,20.23,Sci-Fi,Standard,Alone,Yes,2023-10-24
L0702,36,13.41,Horror,Premium,Alone,Yes,2023-10-11
H8796,42,12.35,Drama,Standard,4,No,2023-01-22
D5034,18,12.26,Sci-Fi,VIP,Alone,No,2023-08-26
E9733,60,22.7,Action,Premium,3,Yes,2023-05-10
P2342,38,17.64,Sci-Fi,Standard,3,No,2023-07-07
A2343,47,22.4,Sci-Fi,Standard,4,No,2023-08-18
Q6051,20,22.68,Comedy,Premium,Alone,No,2023-12-23
O4791,30,18.51,Horror,VIP,Alone,Yes,2023-10-07
A2841,33,14.18,Horror,VIP,Alone,No,2024-02-12
S6414,34,14.44,Horror,VIP,6,No,2023-12-08
E9609,44,13.83,Horror,Premium,Alone,Yes,2023-09-20
M3907,50,12.67,Action,Premium,2,Yes,2023-01-11
P7041,47,23.99,Comedy,Premium,2,No,2024-01-22
L9146,60,11.91,Comedy,VIP,5,Yes,2023-05-29
X0241,25,21.72,Action,VIP,Alone,Yes,2023-07-01
N4903,55,11.33,Sci-Fi,Premium,3,No,2023-11-13
J3856,22,10.31,Action,Premium,5,No,2023-08-01
X5271,19,22.66,Comedy,Standard,2,No,2023-05-14
O2974,53,24.68,Horror,Premium,Alone,No,2023-05-03
L2663,20,17.77,Sci-Fi,VIP,4,No,2023-02-14
B1441,36,22.79,Sci-Fi,Premium,5,Yes,2023-08-14
R9317,38,12.12,Horror,VIP,2,Yes,2023-07-20
U4070,28,10.58,Comedy,VIP,Alone,No,2023-12-23
T6005,20,20.71,Action,Premium,6,No,2022-07-20
E8006,41,11.45,Comedy,Premium,Alone,No,2022-12-26
K9734,21,21.8,Action,VIP,Alone,Yes,2023-10-18
I8504,38,15.87,Action,Standard,Alone,Yes,2023-12-31
H0907,38,11.01,Drama,VIP,Alone,Yes,2023-06-24
K1979,28,20.2,Horror,VIP,6,Yes,2023-11-24
X3910,50,17.59,Action,VIP,7,No,2024-01-09
B6802,28,24.86,Horror,VIP,4,No,2023-12-10
X1245,22,12.63,Sci-Fi,Standard,Alone,Yes,2023-09-05
M9692,35,16.01,Drama,Standard,6,Yes,2023-03-21
W7379,57,13.46,Action,VIP,Alone,No,2024-02-14
B9367,43,16.4,Action,Standard,Alone,Yes,2023-12-11
L9477,35,18.73,Action,Premium,Alone,Yes,2023-11-13
I2711,49,12.44,Drama,VIP,4,No,2024-01-07
C4526,42,19.51,Horror,Premium,6,No,2023-07-02
R5968,60,22.72,Action,VIP,Alone,No,2023-11-22
R3741,53,10.79,Action,Standard,2,No,2023-03-24
P8819,43,22.17,Sci-Fi,Premium,Alone,Yes,2023-11-10
U8338,49,23.73,Drama,Premium,Alone,Yes,2023-08-20
Y7492,21,24.26,Sci-Fi,VIP,3,No,2024-03-11
F1452,35,24.45,Horror,Premium,6,No,2023-12-30
T1841,44,22.32,Comedy,Premium,2,No,2023-03-07
K5901,58,12.34,Horror,VIP,Alone,No,2023-08-26
C4408,48,15.68,Comedy,VIP,3,Yes,2022-12-29
A8762,50,24.06,Sci-Fi,VIP,Alone,No,2023-09-03
D2487,58,21.32,Horror,Premium,6,No,2023-07-18
J4530,35,23.45,Comedy,Standard,Alone,Yes,2023-04-24
M7521,54,21.26,Drama,Standard,Alone,No,2023-09-13
F7654,19,10.41,Drama,Standard,Alone,Yes,2023-10-26
Z5538,57,20.22,Comedy,VIP,Alone,Yes,2023-06-06
Q2128,55,18.77,Comedy,VIP,7,No,2023-01-11
Y0420,59,16.81,Action,Premium,3,Yes,2023-10-28
U6087,58,14.7,Drama,Standard,7,No,2023-07-31
O7784,30,13.99,Action,Premium,Alone,No,2023-10-14
B6927,46,20.58,Comedy,Standard,Alone,No,2023-01-31
W0336,52,21.93,Comedy,Standard,2,No,2023-09-27
E5978,20,20.02,Action,Premium,Alone,Yes,2023-10-19
O9795,41,24.6,Action,VIP,4,No,2023-09-13
O7894,18,16.55,Action,Standard,7,Yes,2023-07-28
S7850,50,14.29,Horror,Standard,Alone,Yes,2023-06-16
R5176,23,10.95,Action,Standard,Alone,No,2023-09-21
Z5642,60,17.76,Horror,VIP,Alone,Yes,2023-09-27
N1656,22,21.01,Action,VIP,7,Yes,2022-10-17
U6629,35,23.4,Drama,VIP,7,No,2023-02-28
F7192,18,18.76,Sci-Fi,Premium,7,Yes,2024-02-01
G4707,35,23.9,Drama,VIP,4,Yes,2023-09-08
F9671,33,14.95,Sci-Fi,Premium,Alone,Yes,2024-02-07
T2836,23,24.94,Horror,VIP,2,No,2023-10-02
W2315,60,14.26,Horror,Premium,3,No,2023-07-10
P5536,22,10.43,Drama,Standard,6,Yes,2024-01-27
J8443,23,12.04,Drama,VIP,7,No,2023-09-02
T9705,49,19.03,Action,VIP,Alone,Yes,2023-07-16
F8157,41,16.63,Comedy,Premium,Alone,Yes,2023-06-27
V4673,39,14.02,Horror,Premium,Alone,Yes,2023-12-07
O9429,60,17.8,Comedy,Standard,Alone,No,2023-06-13
N4941,58,14.3,Horror,Standard,Alone,Yes,2023-08-16
R5679,22,21.0,Horror,Premium,Alone,No,2024-01-14
Y5529,54,20.12,Drama,VIP,Alone,Yes,2023-06-26
R0452,57,12.39,Drama,VIP,7,No,2023-09-17
L7692,38,13.29,Horror,Standard,7,Yes,2023-10-28
V3147,23,12.97,Drama,Premium,Alone,No,2023-03-07
F9676,55,13.63,Horror,VIP,Alone,Yes,2023-06-01
H5782,32,18.08,Horror,Standard,2,Yes,2023-10-10
N1362,39,11.21,Comedy,VIP,Alone,No,2022-10-04
V4889,57,22.9,Sci-Fi,VIP,Alone,No,2023-06-19
U1656,45,16.35,Sci-Fi,Premium,6,No,2023-11-11
G9610,27,22.71,Horror,Standard,Alone,Yes,2023-01-31
S7659,53,12.89,Horror,VIP,4,Yes,2023-02-24
S5665,33,21.35,Horror,Premium,Alone,Yes,2023-05-20
Y8317,29,23.55,Horror,Premium,Alone,Yes,2024-02-09
Z4944,60,16.26,Horror,VIP,Alone,No,2023-12-13
Q6063,56,24.92,Comedy,Standard,Alone,Yes,2023-11-01
W9717,26,15.19,Comedy,Premium,2,Yes,2023-12-11
F7940,39,16.69,Action,Standard,3,No,2023-07-30
T5282,25,16.74,Sci-Fi,Premium,2,No,2023-05-12
C0056,20,10.17,Sci-Fi,Premium,7,Yes,2023-07-29
L3931,23,19.8,Horror,Standard,7,Yes,2023-09-26
M7391,35,22.85,Comedy,Premium,Alone,Yes,2023-10-08
K7435,57,10.22,Drama,Premium,Alone,Yes,2023-01-09
X4739,19,18.81,Sci-Fi,VIP,Alone,Yes,2023-12-10
W3570,38,18.25,Horror,Premium,6,No,2024-01-16
Q1582,26,11.2,Sci-Fi,Premium,4,No,2023-12-14
A0761,42,11.89,Action,Premium,Alone,Yes,2023-05-31
B5437,56,14.81,Action,Standard,Alone,Yes,2024-01-08
Z9239,59,12.92,Drama,Premium,3,No,2023-11-14
V0671,23,24.09,Drama,Premium,Alone,No,2023-05-02
P0882,21,15.79,Comedy,Premium,7,Yes,2023-08-08
T7439,57,21.91,Comedy,Premium,Alone,No,2023-09-27
T7322,50,23.11,Horror,Premium,6,No,2023-10-31
T8561,42,15.69,Comedy,Standard,Alone,Yes,2023-10-26
M0037,27,11.7,Action,Standard,Alone,No,2023-10-07
Q8028,38,15.64,Horror,Standard,7,No,2023-11-07
F0706,59,24.75,Action,VIP,Alone,Yes,2023-07-19
D4105,54,24.61,Comedy,VIP,Alone,No,2023-06-03
Z8954,58,11.29,Drama,Standard,2,No,2023-08-13
B2343,20,11.09,Action,Premium,5,Yes,2023-07-04
G4586,27,14.31,Drama,Premium,7,Yes,2023-09-20
A6502,58,11.5,Horror,Standard,5,No,2023-05-24
Q7827,52,19.72,Horror,VIP,Alone,Yes,2023-11-12
Q4426,49,16.19,Horror,Standard,4,Yes,2024-03-16
J3002,36,23.45,Comedy,VIP,Alone,Yes,2023-06-14
U2469,44,18.96,Horror,VIP,3,Yes,2023-06-23
J0828,54,11.59,Sci-Fi,VIP,6,No,2022-10-16
U4513,26,13.87,Horror,Premium,Alone,No,2023-09-25
X6780,58,12.17,Horror,Standard,Alone,Yes,2022-11-01
W7337,38,21.91,Drama,Standard,Alone,Yes,2023-07-31
Y8442,51,15.73,Drama,VIP,6,No,2024-01-25
V6312,23,10.33,Sci-Fi,Standard,2,No,2023-11-18
V7701,36,17.0,Horror,Standard,6,No,2023-06-12
L1625,33,18.72,Sci-Fi,Standard,Alone,No,2024-01-18
N2433,43,20.6,Sci-Fi,Standard,3,Yes,2023-11-28
R7354,44,18.03,Comedy,Premium,Alone,Yes,2023-10-29
K2997,34,14.95,Horror,Standard,Alone,No,2023-12-21
S9901,46,11.08,Horror,VIP,3,No,2023-12-21
C1679,30,13.08,Horror,Premium,Alone,No,2023-10-12
V6948,36,17.1,Drama,Standard,7,No,2023-02-05
B8230,33,12.21,Horror,VIP,7,Yes,2023-03-02
X6978,54,20.85,Drama,VIP,Alone,No,2023-04-11
W1683,58,21.72,Horror,Premium,Alone,Yes,2022-11-06
D9944,26,13.34,Drama,Premium,Alone,No,2023-07-13
R9239,44,20.65,Drama,Standard,2,Yes,2022-09-10
L1683,60,21.4,Comedy,Standard,Alone,Yes,2023-07-08
Q6689,32,10.66,Drama,Premium,Alone,Yes,2023-09-30
C2441,33,17.41,Drama,Standard,Alone,No,2023-02-25
R5530,26,14.78,Action,VIP,Alone,No,2023-04-07
V8104,24,18.74,Sci-Fi,Premium,Alone,Yes,2023-06-26
Y6284,31,20.43,Drama,Premium,3,No,2024-01-25
G1121,53,21.91,Drama,Premium,Alone,Yes,2024-01-18
I5901,38,24.92,Horror,Premium,Alone,Yes,2023-06-30
V6954,60,17.61,Comedy,VIP,Alone,No,2023-11-08
Z8779,19,14.47,Action,Standard,2,No,2023-06-15
V4938,56,15.49,Drama,VIP,7,Yes,2023-10-01
P7000,50,20.66,Drama,VIP,Alone,Yes,2023-01-31
G7283,59,17.78,Comedy,VIP,2,Yes,2022-12-26
A2805,57,10.7,Action,Standard,Alone,Yes,2023-09-12
W8442,43,17.7,Comedy,Premium,Alone,No,2023-05-26
U6318,38,15.02,Sci-Fi,VIP,Alone,No,2023-07-06
L0007,54,24.88,Sci-Fi,Standard,Alone,Yes,2023-10-26
O6843,20,14.57,Drama,Standard,Alone,Yes,2023-04-26
O8866,23,18.7,Action,VIP,6,Yes,2023-06-30
F0953,31,22.95,Comedy,VIP,2,No,2023-04-22
W7271,20,10.04,Comedy,VIP,7,Yes,2023-04-08
J6878,57,16.43,Horror,Standard,Alone,Yes,2023-11-12
R6150,45,15.98,Drama,Standard,2,No,2023-01-08
E4975,37,23.41,Sci-Fi,VIP,6,Yes,2023-05-05
X2814,41,20.0,Action,VIP,5,No,2022-11-09
R4299,39,15.57,Sci-Fi,Standard,Alone,No,2023-08-03
X8783,50,11.26,Drama,Standard,4,Yes,2023-07-18
X9373,24,24.21,Sci-Fi,Standard,6,No,2023-08-28
J4860,58,16.21,Action,Standard,3,No,2023-03-28
E1815,46,19.79,Drama,Premium,7,Yes,2023-10-19
R3060,55,22.2,Comedy,VIP,Alone,No,2023-04-13
Z9849,46,21.41,Action,VIP,Alone,Yes,2023-11-02
Y3923,31,15.53,Drama,Premium,4,No,2023-11-08
C5867,19,15.0,Horror,Premium,7,Yes,2023-11-05
E0055,41,17.59,Sci-Fi,Standard,3,Yes,2023-10-18
D1937,49,13.15,Sci-Fi,VIP,6,No,2023-08-25
P5929,42,19.87,Action,VIP,Alone,No,2023-03-11
J5224,47,19.38,Action,VIP,Alone,Yes,2023-02-15
C1874,37,17.53,Action,Standard,Alone,No,2024-02-16
O7454,51,13.97,Drama,Standard,Alone,Yes,2023-11-07
K7545,47,20.16,Sci-Fi,VIP,7,No,2023-04-21
C6888,50,19.68,Sci-Fi,Standard,6,No,2023-10-08
W4296,39,10.63,Action,Premium,2,Yes,2023-08-20
P4369,41,10.13,Horror,VIP,4,No,2023-12-07
W7738,46,19.48,Action,VIP,3,No,2023-07-06
L7697,24,15.27,Comedy,VIP,7,Yes,2022-07-01
I4912,54,17.6,Action,VIP,3,Yes,2024-02-28
M4743,44,16.37,Drama,Premium,Alone,No,2023-11-06
B0938,54,17.71,Action,Standard,4,No,2022-11-23
P6835,51,18.03,Comedy,Standard,Alone,No,2023-10-16
V7658,43,17.34,Drama,Standard,Alone,Yes,2022-09-24
R1173,46,23.4,Sci-Fi,Premium,4,No,2022-10-24
W8632,35,14.11,Action,Standard,3,No,2023-12-19
W8747,43,23.83,Sci-Fi,Premium,3,No,2023-03-21
C1677,26,23.35,Comedy,VIP,4,No,2023-09-14
D9009,49,15.09,Horror,Standard,Alone,Yes,2023-06-25
C4344,53,16.3,Horror,VIP,Alone,Yes,2023-11-16
R7418,18,20.7,Comedy,Standard,Alone,Yes,2023-09-06
I9728,54,24.16,Sci-Fi,Premium,3,Yes,2023-11-08
J8663,27,21.88,Drama,Standard,3,Yes,2023-09-01
H2552,48,14.32,Horror,Standard,5,Yes,2023-07-13
Q2504,22,16.49,Comedy,Standard,7,No,2023-05-19
F6545,20,24.17,Sci-Fi,Premium,Alone,Yes,2023-09-03
U2289,29,17.08,Action,Standard,2,Yes,2023-10-21
H0386,40,19.49,Comedy,VIP,Alone,No,2024-03-27
E2511,47,10.69,Drama,Standard,Alone,No,2024-02-23
W3659,47,12.08,Comedy,Premium,Alone,No,2023-12-27
D9861,19,11.67,Drama,VIP,Alone,No,2023-07-26
C8708,26,17.78,Drama,Premium,Alone,No,2023-09-22
G3002,26,14.04,Drama,Standard,5,No,2023-12-25
N4930,20,16.96,Horror,Standard,4,Yes,2023-10-09
V8852,36,12.28,Action,VIP,2,Yes,2023-08-03
W6958,28,19.41,Drama,Standard,Alone,Yes,2024-02-05
G1778,31,21.6,Drama,Premium,4,Yes,2023-04-25
A4827,47,17.28,Horror,VIP,Alone,No,2023-10-01
T8730,32,12.22,Action,Premium,Alone,No,2023-10-08
W7299,56,22.88,Sci-Fi,Standard,Alone,No,2023-11-15
B0273,47,15.87,Horror,Standard,6,No,2023-07-18
B0051,55,19.32,Horror,Premium,7,No,2024-03-01
W1342,35,16.24,Comedy,VIP,Alone,Yes,2023-07-08
Q4942,36,20.68,Sci-Fi,VIP,Alone,Yes,2024-02-03
I6311,43,15.63,Drama,Premium,4,No,2023-12-28
Z7255,26,23.41,Horror,VIP,Alone,No,2022-08-23
P6904,58,21.44,Action,Standard,7,No,2023-08-27
A2032,44,14.62,Action,VIP,Alone,Yes,2022-11-03
O2807,53,23.59,Horror,VIP,6,Yes,2023-03-17
X5159,54,24.96,Horror,Standard,7,No,2023-12-02
V8281,19,17.97,Action,Premium,6,Yes,2023-03-27
N5669,39,12.4,Comedy,VIP,4,No,2023-11-08
I9740,18,20.51,Horror,Standard,5,Yes,2023-11-27
X4255,47,22.6,Horror,VIP,Alone,No,2024-01-16
C8377,25,10.7,Horror,Premium,Alone,Yes,2023-12-14
Y0986,41,20.6,Action,VIP,Alone,No,2023-07-11
G4351,43,21.82,Horror,Standard,Alone,Yes,2024-01-27
W1000,28,20.73,Horror,VIP,5,Yes,2023-02-22
R0449,43,24.58,Horror,Standard,Alone,Yes,2024-02-27
X9360,38,21.73,Horror,Premium,Alone,No,2023-10-20
C0196,24,18.36,Comedy,VIP,6,No,2023-11-24
L2296,57,15.22,Horror,Standard,2,Yes,2023-11-20
S3356,24,16.75,Horror,Standard,Alone,No,2023-03-03
J5246,23,18.28,Sci-Fi,Premium,Alone,No,2023-10-14
B7133,50,17.28,Drama,Premium,Alone,No,2023-08-30
W9224,32,23.44,Action,Standard,5,Yes,2023-06-19
D8615,21,10.02,Drama,Premium,Alone,No,2024-01-31
O9880,60,11.64,Comedy,VIP,5,Yes,2023-06-20
O5757,57,11.9,Comedy,Standard,Alone,Yes,2023-06-27
C7180,19,13.94,Comedy,Standard,3,Yes,2023-05-30
E0759,46,13.84,Horror,Premium,6,Yes,2023-05-03
A8268,43,23.8,Action,VIP,7,Yes,2023-11-30
P0445,18,10.42,Comedy,VIP,Alone,No,2023-11-24
I3647,46,10.45,Action,Premium,Alone,Yes,2023-12-27
L4936,37,17.86,Comedy,Standard,Alone,No,2023-04-06
L2439,50,15.23,Action,Premium,3,No,2023-06-01
H7974,25,13.04,Drama,Premium,Alone,No,2024-02-02
A9804,50,11.25,Comedy,Premium,Alone,Yes,2023-11-17
S5399,42,22.78,Comedy,Premium,4,Yes,2023-12-02
G1663,57,20.45,Comedy,VIP,7,No,2023-11-20
P3925,45,10.94,Action,Standard,2,Yes,2023-10-30
K4309,45,15.68,Action,Premium,Alone,Yes,2023-04-18
W0666,35,15.15,Horror,Standard,4,Yes,2023-07-06
I4034,38,15.37,Drama,VIP,Alone,No,2023-07-25
O5114,54,21.88,Comedy,Premium,2,Yes,2023-07-11
Y2384,25,16.56,Sci-Fi,VIP,Alone,No,2024-02-15
W1383,23,14.47,Sci-Fi,Premium,4,Yes,2023-08-07
R3873,49,24.95,Horror,Premium,4,No,2023-07-17
G5641,27,18.76,Comedy,VIP,Alone,No,2023-11-04
Y4995,27,16.01,Action,Standard,Alone,No,2023-10-01
H9993,33,19.14,Sci-Fi,Standard,Alone,Yes,2023-06-26
U3222,39,13.32,Drama,Standard,Alone,No,2023-10-19
X2942,51,12.3,Drama,Standard,Alone,No,2024-02-19
N8303,56,10.08,Action,Standard,2,Yes,2023-06-11
V4268,34,12.34,Comedy,Premium,Alone,Yes,2024-01-07
B5435,35,11.04,Horror,Premium,2,No,2023-05-05
A7151,57,10.63,Comedy,Standard,2,No,2023-05-08
O4626,47,11.55,Sci-Fi,Standard,5,Yes,2023-12-15
I0739,56,18.3,Drama,VIP,Alone,Yes,2022-11-04
E0474,32,11.1,Action,VIP,Alone,Yes,2023-01-02
W8226,34,17.46,Action,Premium,7,Yes,2023-07-05
E9333,37,11.4,Sci-Fi,VIP,6,No,2023-03-31
X4653,27,15.26,Action,Standard,6,No,2023-11-09
S8984,57,19.98,Action,VIP,4,No,2023-01-24
I9302,30,23.86,Comedy,VIP,Alone,No,2023-09-21
L8279,39,11.14,Horror,Standard,Alone,Yes,2023-04-11
B5911,47,11.33,Action,Premium,Alone,Yes,2023-07-31
Z4276,36,24.49,Comedy,Premium,2,Yes,2023-03-30
N9811,19,12.91,Sci-Fi,Premium,Alone,No,2023-08-19
Y9710,48,16.87,Action,Standard,3,Yes,2023-10-28
U9924,29,12.6,Drama,VIP,Alone,Yes,2024-01-07
T4015,29,11.16,Comedy,Premium,3,No,2023-08-01
L0126,31,22.92,Drama,Premium,Alone,Yes,2023-07-15
M4230,59,24.23,Horror,Standard,Alone,No,2023-07-12
R9228,23,11.16,Comedy,VIP,7,No,2023-08-04
R0528,53,20.83,Action,Premium,7,No,2023-08-21
K3640,32,10.22,Action,VIP,6,Yes,2023-07-21
J7406,23,21.48,Drama,Premium,5,Yes,2023-03-30
I6312,30,18.39,Comedy,VIP,Alone,No,2023-11-26
M0786,30,12.59,Comedy,VIP,2,No,2023-07-15
B8174,50,12.82,Comedy,Standard,2,No,2023-04-22
M9099,40,18.23,Action,Standard,6,Yes,2023-10-15
G9299,47,10.98,Drama,Premium,4,Yes,2024-01-03
P2457,23,20.45,Action,Standard,Alone,No,2023-03-05
A2476,29,10.76,Comedy,Premium,3,Yes,2024-01-22
H9796,34,16.12,Drama,Premium,Alone,No,2024-02-08
H8721,47,12.38,Action,Standard,Alone,No,2023-08-23
W4290,48,17.96,Action,Premium,4,No,2023-09-26
Q1228,24,18.83,Horror,Premium,6,Yes,2023-11-07
P9632,54,16.25,Comedy,Premium,Alone,Yes,2022-11-17
R9199,50,18.52,Sci-Fi,VIP,Alone,Yes,2023-05-02
M1442,42,21.16,Drama,VIP,5,Yes,2023-03-05
P6033,25,13.24,Comedy,Standard,7,No,2023-05-25
D7534,60,16.33,Sci-Fi,Premium,Alone,Yes,2023-03-17
N7743,38,24.21,Sci-Fi,Standard,Alone,Yes,2024-01-24
S8480,31,19.03,Comedy,VIP,Alone,No,2023-06-28
V0327,19,16.02,Sci-Fi,Premium,Alone,Yes,2023-10-21
Y7065,37,14.91,Horror,Premium,Alone,Yes,2023-05-04
I9961,41,22.48,Sci-Fi,Standard,Alone,No,2022-12-13
P4816,32,19.23,Drama,Premium,2,No,2023-05-25
Q9931,29,14.6,Action,VIP,5,No,2023-05-28
A3974,58,12.04,Action,Standard,Alone,Yes,2023-12-02
P4007,47,23.12,Action,Premium,6,No,2024-01-25
B1567,21,10.41,Comedy,VIP,5,Yes,2024-01-25
E5406,41,17.09,Sci-Fi,Standard,2,Yes,2023-11-13
C4357,19,11.45,Action,Standard,Alone,No,2023-07-15
R7285,53,17.13,Comedy,Premium,Alone,Yes,2023-12-09
W6360,34,20.25,Comedy,Premium,2,Yes,2023-12-14
Z8034,60,21.9,Action,VIP,Alone,No,2023-07-15
